Timestamp,PC,Type,Address,Delta_with_1_last_read,Delta_with_1_last_write,Delta_with_2_last_read,Delta_with_2_last_write,Delta_with_3_last_read,Delta_with_3_last_write,Delta_with_1_next_read,Delta_with_1_next_write,Delta_with_2_next_read,Delta_with_2_next_write,Delta_with_3_next_read,Delta_with_3_next_write
5,0x55a7e0310089,R,0x7fff45b734a0,,,,,,,-46554853803208,-8,-46554853803192,-24,-104,-280
9,0x55a7e0310091,W,0x7fff45b73498,-8,,,,,,-46554853803200,-8,-46554853803184,-264,-96,-272
11,0x55a7e0310092,W,0x7fff45b73490,-16,-8,-16,,,,-46554853803192,-8,-88,-256,-88,-684
16,0x55a7e031009f,R,0x55a7e0312fd8,-46554853803208,-46554853803192,-46554853803208,-46554853803200,-46554853803208,,16,46554853803184,46554853803104,46554853802928,45598576359312,46554853802508
17,0x55a7e031009f,W,0x7fff45b73488,46554853803184,-8,-24,-16,-24,-16,-46554853803168,-248,-80,-256,-676,-676
21,0x55a7e0310008,R,0x55a7e0312fe8,16,-46554853803168,-46554853803192,-46554853803184,-46554853803192,-46554853803176,46554853803088,46554853802920,45598576359296,46554853802912,46554853802492,46554853802492
26,0x55a7e031001a,R,0x7fff45b73438,46554853803088,-80,-104,-88,46554853803104,-88,0,-168,-596,-176,-596,-584
39,0x55a7e0310118,R,0x7fff45b73438,0,-80,46554853803104,-88,46554853803104,-96,-956277443792,-168,-596,-596,-596,-584
42,0x55a7e031016d,W,0x7fff45b73390,-168,-248,46554853802920,-256,-272,-264,-956277443624,-8,-428,-428,-428,-428
46,0x55a7e0310178,R,0x7f209f236768,-956277443792,-956277443624,-956277443792,-956277443880,45598576359312,-956277443888,956277443196,956277443616,956277443196,956277443208,956277443196,956277443212
48,0x55a7e0310181,W,0x7fff45b73388,956277443616,-8,-176,-256,46554853802912,-272,-420,-420,-420,-420,-420,-404
51,0x55a7e0310187,W,0x7fff45b731e4,956277443196,-420,-596,-676,46554853802492,-684,0,12,0,0,0,16
54,0x55a7e03101af,R,0x7fff45b731e4,956277443196,0,-596,-428,-596,-684,0,12,0,0,0,16
57,0x55a7e0310193,R,0x7fff45b731e4,0,0,-596,-420,-596,-676,0,12,0,0,0,0
60,0x55a7e031019b,R,0x7fff45b731e4,0,0,956277443196,-420,-596,-428,0,12,0,16,0,0
62,0x55a7e03101a1,W,0x7fff45b731f0,12,12,12,-408,-584,-416,-12,-12,-12,4,-12,8
64,0x55a7e03101a8,R,0x7fff45b731e4,0,-12,0,-420,956277443196,-428,0,0,0,0,0,20
65,0x55a7e03101a8,W,0x7fff45b731e4,0,-12,0,0,0,-428,0,16,0,0,0,20
67,0x55a7e03101af,R,0x7fff45b731e4,0,0,0,0,0,-420,0,16,0,0,0,20
70,0x55a7e0310193,R,0x7fff45b731e4,0,0,0,-12,0,-420,0,16,0,0,0,0
73,0x55a7e031019b,R,0x7fff45b731e4,0,0,0,-12,0,0,0,16,0,20,0,0
75,0x55a7e03101a1,W,0x7fff45b731f4,16,16,16,4,16,16,-16,-16,-16,4,-16,8
77,0x55a7e03101a8,R,0x7fff45b731e4,0,-16,0,-12,0,0,0,0,0,0,0,24
78,0x55a7e03101a8,W,0x7fff45b731e4,0,-16,0,0,0,0,0,20,0,0,0,24
80,0x55a7e03101af,R,0x7fff45b731e4,0,0,0,0,0,-12,0,20,0,0,0,24
83,0x55a7e0310193,R,0x7fff45b731e4,0,0,0,-16,0,-12,0,20,0,0,0,0
86,0x55a7e031019b,R,0x7fff45b731e4,0,0,0,-16,0,0,0,20,0,24,0,0
88,0x55a7e03101a1,W,0x7fff45b731f8,20,20,20,4,20,20,-20,-20,-20,4,-20,8
90,0x55a7e03101a8,R,0x7fff45b731e4,0,-20,0,-16,0,0,0,0,0,0,0,28
91,0x55a7e03101a8,W,0x7fff45b731e4,0,-20,0,0,0,0,0,24,0,0,0,28
93,0x55a7e03101af,R,0x7fff45b731e4,0,0,0,0,0,-16,0,24,0,0,0,28
96,0x55a7e0310193,R,0x7fff45b731e4,0,0,0,-20,0,-16,0,24,0,0,0,0
99,0x55a7e031019b,R,0x7fff45b731e4,0,0,0,-20,0,0,0,24,0,28,0,0
101,0x55a7e03101a1,W,0x7fff45b731fc,24,24,24,4,24,24,-24,-24,-24,4,-24,8
103,0x55a7e03101a8,R,0x7fff45b731e4,0,-24,0,-20,0,0,0,0,0,0,0,32
104,0x55a7e03101a8,W,0x7fff45b731e4,0,-24,0,0,0,0,0,28,0,0,0,32
106,0x55a7e03101af,R,0x7fff45b731e4,0,0,0,0,0,-20,0,28,0,0,0,32
109,0x55a7e0310193,R,0x7fff45b731e4,0,0,0,-24,0,-20,0,28,0,0,0,0
112,0x55a7e031019b,R,0x7fff45b731e4,0,0,0,-24,0,0,0,28,0,32,0,0
114,0x55a7e03101a1,W,0x7fff45b73200,28,28,28,4,28,28,-28,-28,-28,4,-28,8
116,0x55a7e03101a8,R,0x7fff45b731e4,0,-28,0,-24,0,0,0,0,0,0,0,36
117,0x55a7e03101a8,W,0x7fff45b731e4,0,-28,0,0,0,0,0,32,0,0,0,36
119,0x55a7e03101af,R,0x7fff45b731e4,0,0,0,0,0,-24,0,32,0,0,0,36
122,0x55a7e0310193,R,0x7fff45b731e4,0,0,0,-28,0,-24,0,32,0,0,0,0
125,0x55a7e031019b,R,0x7fff45b731e4,0,0,0,-28,0,0,0,32,0,36,0,0
127,0x55a7e03101a1,W,0x7fff45b73204,32,32,32,4,32,32,-32,-32,-32,4,-32,8
129,0x55a7e03101a8,R,0x7fff45b731e4,0,-32,0,-28,0,0,0,0,0,0,0,40
130,0x55a7e03101a8,W,0x7fff45b731e4,0,-32,0,0,0,0,0,36,0,0,0,40
132,0x55a7e03101af,R,0x7fff45b731e4,0,0,0,0,0,-28,0,36,0,0,0,40
135,0x55a7e0310193,R,0x7fff45b731e4,0,0,0,-32,0,-28,0,36,0,0,0,0
138,0x55a7e031019b,R,0x7fff45b731e4,0,0,0,-32,0,0,0,36,0,40,0,0
140,0x55a7e03101a1,W,0x7fff45b73208,36,36,36,4,36,36,-36,-36,-36,4,-36,8
142,0x55a7e03101a8,R,0x7fff45b731e4,0,-36,0,-32,0,0,0,0,0,0,0,44
143,0x55a7e03101a8,W,0x7fff45b731e4,0,-36,0,0,0,0,0,40,0,0,0,44
145,0x55a7e03101af,R,0x7fff45b731e4,0,0,0,0,0,-32,0,40,0,0,0,44
148,0x55a7e0310193,R,0x7fff45b731e4,0,0,0,-36,0,-32,0,40,0,0,0,0
151,0x55a7e031019b,R,0x7fff45b731e4,0,0,0,-36,0,0,0,40,0,44,0,0
153,0x55a7e03101a1,W,0x7fff45b7320c,40,40,40,4,40,40,-40,-40,-40,4,-40,8
155,0x55a7e03101a8,R,0x7fff45b731e4,0,-40,0,-36,0,0,0,0,0,0,0,48
156,0x55a7e03101a8,W,0x7fff45b731e4,0,-40,0,0,0,0,0,44,0,0,0,48
158,0x55a7e03101af,R,0x7fff45b731e4,0,0,0,0,0,-36,0,44,0,0,0,48
161,0x55a7e0310193,R,0x7fff45b731e4,0,0,0,-40,0,-36,0,44,0,0,0,0
164,0x55a7e031019b,R,0x7fff45b731e4,0,0,0,-40,0,0,0,44,0,48,0,0
166,0x55a7e03101a1,W,0x7fff45b73210,44,44,44,4,44,44,-44,-44,-44,4,-44,8
168,0x55a7e03101a8,R,0x7fff45b731e4,0,-44,0,-40,0,0,0,0,0,0,0,52
169,0x55a7e03101a8,W,0x7fff45b731e4,0,-44,0,0,0,0,0,48,0,0,0,52
171,0x55a7e03101af,R,0x7fff45b731e4,0,0,0,0,0,-40,0,48,0,0,0,52
174,0x55a7e0310193,R,0x7fff45b731e4,0,0,0,-44,0,-40,0,48,0,0,0,0
177,0x55a7e031019b,R,0x7fff45b731e4,0,0,0,-44,0,0,0,48,0,52,0,0
179,0x55a7e03101a1,W,0x7fff45b73214,48,48,48,4,48,48,-48,-48,-48,4,-48,8
181,0x55a7e03101a8,R,0x7fff45b731e4,0,-48,0,-44,0,0,0,0,0,0,0,56
182,0x55a7e03101a8,W,0x7fff45b731e4,0,-48,0,0,0,0,0,52,0,0,0,56
184,0x55a7e03101af,R,0x7fff45b731e4,0,0,0,0,0,-44,0,52,0,0,0,56
187,0x55a7e0310193,R,0x7fff45b731e4,0,0,0,-48,0,-44,0,52,0,0,0,0
190,0x55a7e031019b,R,0x7fff45b731e4,0,0,0,-48,0,0,0,52,0,56,0,0
192,0x55a7e03101a1,W,0x7fff45b73218,52,52,52,4,52,52,-52,-52,-52,4,-52,8
194,0x55a7e03101a8,R,0x7fff45b731e4,0,-52,0,-48,0,0,0,0,0,0,0,60
195,0x55a7e03101a8,W,0x7fff45b731e4,0,-52,0,0,0,0,0,56,0,0,0,60
197,0x55a7e03101af,R,0x7fff45b731e4,0,0,0,0,0,-48,0,56,0,0,0,60
200,0x55a7e0310193,R,0x7fff45b731e4,0,0,0,-52,0,-48,0,56,0,0,0,0
203,0x55a7e031019b,R,0x7fff45b731e4,0,0,0,-52,0,0,0,56,0,60,0,0
205,0x55a7e03101a1,W,0x7fff45b7321c,56,56,56,4,56,56,-56,-56,-56,4,-56,8
207,0x55a7e03101a8,R,0x7fff45b731e4,0,-56,0,-52,0,0,0,0,0,0,0,64
208,0x55a7e03101a8,W,0x7fff45b731e4,0,-56,0,0,0,0,0,60,0,0,0,64
210,0x55a7e03101af,R,0x7fff45b731e4,0,0,0,0,0,-52,0,60,0,0,0,64
213,0x55a7e0310193,R,0x7fff45b731e4,0,0,0,-56,0,-52,0,60,0,0,0,0
216,0x55a7e031019b,R,0x7fff45b731e4,0,0,0,-56,0,0,0,60,0,64,0,0
218,0x55a7e03101a1,W,0x7fff45b73220,60,60,60,4,60,60,-60,-60,-60,4,-60,8
220,0x55a7e03101a8,R,0x7fff45b731e4,0,-60,0,-56,0,0,0,0,0,0,0,68
221,0x55a7e03101a8,W,0x7fff45b731e4,0,-60,0,0,0,0,0,64,0,0,0,68
223,0x55a7e03101af,R,0x7fff45b731e4,0,0,0,0,0,-56,0,64,0,0,0,68
226,0x55a7e0310193,R,0x7fff45b731e4,0,0,0,-60,0,-56,0,64,0,0,0,0
229,0x55a7e031019b,R,0x7fff45b731e4,0,0,0,-60,0,0,0,64,0,68,0,0
231,0x55a7e03101a1,W,0x7fff45b73224,64,64,64,4,64,64,-64,-64,-64,4,-64,8
233,0x55a7e03101a8,R,0x7fff45b731e4,0,-64,0,-60,0,0,0,0,0,0,0,72
234,0x55a7e03101a8,W,0x7fff45b731e4,0,-64,0,0,0,0,0,68,0,0,0,72
236,0x55a7e03101af,R,0x7fff45b731e4,0,0,0,0,0,-60,0,68,0,0,0,72
239,0x55a7e0310193,R,0x7fff45b731e4,0,0,0,-64,0,-60,0,68,0,0,0,0
242,0x55a7e031019b,R,0x7fff45b731e4,0,0,0,-64,0,0,0,68,0,72,0,0
244,0x55a7e03101a1,W,0x7fff45b73228,68,68,68,4,68,68,-68,-68,-68,4,-68,8
246,0x55a7e03101a8,R,0x7fff45b731e4,0,-68,0,-64,0,0,0,0,0,0,0,76
247,0x55a7e03101a8,W,0x7fff45b731e4,0,-68,0,0,0,0,0,72,0,0,0,76
249,0x55a7e03101af,R,0x7fff45b731e4,0,0,0,0,0,-64,0,72,0,0,0,76
252,0x55a7e0310193,R,0x7fff45b731e4,0,0,0,-68,0,-64,0,72,0,0,0,0
255,0x55a7e031019b,R,0x7fff45b731e4,0,0,0,-68,0,0,0,72,0,76,0,0
257,0x55a7e03101a1,W,0x7fff45b7322c,72,72,72,4,72,72,-72,-72,-72,4,-72,8
259,0x55a7e03101a8,R,0x7fff45b731e4,0,-72,0,-68,0,0,0,0,0,0,0,80
260,0x55a7e03101a8,W,0x7fff45b731e4,0,-72,0,0,0,0,0,76,0,0,0,80
262,0x55a7e03101af,R,0x7fff45b731e4,0,0,0,0,0,-68,0,76,0,0,0,80
265,0x55a7e0310193,R,0x7fff45b731e4,0,0,0,-72,0,-68,0,76,0,0,0,0
268,0x55a7e031019b,R,0x7fff45b731e4,0,0,0,-72,0,0,0,76,0,80,0,0
270,0x55a7e03101a1,W,0x7fff45b73230,76,76,76,4,76,76,-76,-76,-76,4,-76,8
272,0x55a7e03101a8,R,0x7fff45b731e4,0,-76,0,-72,0,0,0,0,0,0,0,84
273,0x55a7e03101a8,W,0x7fff45b731e4,0,-76,0,0,0,0,0,80,0,0,0,84
275,0x55a7e03101af,R,0x7fff45b731e4,0,0,0,0,0,-72,0,80,0,0,0,84
278,0x55a7e0310193,R,0x7fff45b731e4,0,0,0,-76,0,-72,0,80,0,0,0,0
281,0x55a7e031019b,R,0x7fff45b731e4,0,0,0,-76,0,0,0,80,0,84,0,0
283,0x55a7e03101a1,W,0x7fff45b73234,80,80,80,4,80,80,-80,-80,-80,4,-80,8
285,0x55a7e03101a8,R,0x7fff45b731e4,0,-80,0,-76,0,0,0,0,0,0,0,88
286,0x55a7e03101a8,W,0x7fff45b731e4,0,-80,0,0,0,0,0,84,0,0,0,88
288,0x55a7e03101af,R,0x7fff45b731e4,0,0,0,0,0,-76,0,84,0,0,0,88
291,0x55a7e0310193,R,0x7fff45b731e4,0,0,0,-80,0,-76,0,84,0,0,0,0
294,0x55a7e031019b,R,0x7fff45b731e4,0,0,0,-80,0,0,0,84,0,88,0,0
296,0x55a7e03101a1,W,0x7fff45b73238,84,84,84,4,84,84,-84,-84,-84,4,-84,8
298,0x55a7e03101a8,R,0x7fff45b731e4,0,-84,0,-80,0,0,0,0,0,0,0,92
299,0x55a7e03101a8,W,0x7fff45b731e4,0,-84,0,0,0,0,0,88,0,0,0,92
301,0x55a7e03101af,R,0x7fff45b731e4,0,0,0,0,0,-80,0,88,0,0,0,92
304,0x55a7e0310193,R,0x7fff45b731e4,0,0,0,-84,0,-80,0,88,0,0,0,0
307,0x55a7e031019b,R,0x7fff45b731e4,0,0,0,-84,0,0,0,88,0,92,0,0
309,0x55a7e03101a1,W,0x7fff45b7323c,88,88,88,4,88,88,-88,-88,-88,4,-88,8
311,0x55a7e03101a8,R,0x7fff45b731e4,0,-88,0,-84,0,0,0,0,0,0,0,96
312,0x55a7e03101a8,W,0x7fff45b731e4,0,-88,0,0,0,0,0,92,0,0,0,96
314,0x55a7e03101af,R,0x7fff45b731e4,0,0,0,0,0,-84,0,92,0,0,0,96
317,0x55a7e0310193,R,0x7fff45b731e4,0,0,0,-88,0,-84,0,92,0,0,0,0
320,0x55a7e031019b,R,0x7fff45b731e4,0,0,0,-88,0,0,0,92,0,96,0,0
322,0x55a7e03101a1,W,0x7fff45b73240,92,92,92,4,92,92,-92,-92,-92,4,-92,8
324,0x55a7e03101a8,R,0x7fff45b731e4,0,-92,0,-88,0,0,0,0,0,0,0,100
325,0x55a7e03101a8,W,0x7fff45b731e4,0,-92,0,0,0,0,0,96,0,0,0,100
327,0x55a7e03101af,R,0x7fff45b731e4,0,0,0,0,0,-88,0,96,0,0,0,100
330,0x55a7e0310193,R,0x7fff45b731e4,0,0,0,-92,0,-88,0,96,0,0,0,0
333,0x55a7e031019b,R,0x7fff45b731e4,0,0,0,-92,0,0,0,96,0,100,0,0
335,0x55a7e03101a1,W,0x7fff45b73244,96,96,96,4,96,96,-96,-96,-96,4,-96,8
337,0x55a7e03101a8,R,0x7fff45b731e4,0,-96,0,-92,0,0,0,0,0,0,0,104
338,0x55a7e03101a8,W,0x7fff45b731e4,0,-96,0,0,0,0,0,100,0,0,0,104
340,0x55a7e03101af,R,0x7fff45b731e4,0,0,0,0,0,-92,0,100,0,0,0,104
343,0x55a7e0310193,R,0x7fff45b731e4,0,0,0,-96,0,-92,0,100,0,0,0,0
346,0x55a7e031019b,R,0x7fff45b731e4,0,0,0,-96,0,0,0,100,0,104,0,0
348,0x55a7e03101a1,W,0x7fff45b73248,100,100,100,4,100,100,-100,-100,-100,4,-100,8
350,0x55a7e03101a8,R,0x7fff45b731e4,0,-100,0,-96,0,0,0,0,0,0,0,108
351,0x55a7e03101a8,W,0x7fff45b731e4,0,-100,0,0,0,0,0,104,0,0,0,108
353,0x55a7e03101af,R,0x7fff45b731e4,0,0,0,0,0,-96,0,104,0,0,0,108
356,0x55a7e0310193,R,0x7fff45b731e4,0,0,0,-100,0,-96,0,104,0,0,0,0
359,0x55a7e031019b,R,0x7fff45b731e4,0,0,0,-100,0,0,0,104,0,108,0,0
361,0x55a7e03101a1,W,0x7fff45b7324c,104,104,104,4,104,104,-104,-104,-104,4,-104,8
363,0x55a7e03101a8,R,0x7fff45b731e4,0,-104,0,-100,0,0,0,0,0,0,0,112
364,0x55a7e03101a8,W,0x7fff45b731e4,0,-104,0,0,0,0,0,108,0,0,0,112
366,0x55a7e03101af,R,0x7fff45b731e4,0,0,0,0,0,-100,0,108,0,0,0,112
369,0x55a7e0310193,R,0x7fff45b731e4,0,0,0,-104,0,-100,0,108,0,0,0,0
372,0x55a7e031019b,R,0x7fff45b731e4,0,0,0,-104,0,0,0,108,0,112,0,0
374,0x55a7e03101a1,W,0x7fff45b73250,108,108,108,4,108,108,-108,-108,-108,4,-108,8
376,0x55a7e03101a8,R,0x7fff45b731e4,0,-108,0,-104,0,0,0,0,0,0,0,116
377,0x55a7e03101a8,W,0x7fff45b731e4,0,-108,0,0,0,0,0,112,0,0,0,116
379,0x55a7e03101af,R,0x7fff45b731e4,0,0,0,0,0,-104,0,112,0,0,0,116
382,0x55a7e0310193,R,0x7fff45b731e4,0,0,0,-108,0,-104,0,112,0,0,0,0
385,0x55a7e031019b,R,0x7fff45b731e4,0,0,0,-108,0,0,0,112,0,116,0,0
387,0x55a7e03101a1,W,0x7fff45b73254,112,112,112,4,112,112,-112,-112,-112,4,-112,8
389,0x55a7e03101a8,R,0x7fff45b731e4,0,-112,0,-108,0,0,0,0,0,0,0,120
390,0x55a7e03101a8,W,0x7fff45b731e4,0,-112,0,0,0,0,0,116,0,0,0,120
392,0x55a7e03101af,R,0x7fff45b731e4,0,0,0,0,0,-108,0,116,0,0,0,120
395,0x55a7e0310193,R,0x7fff45b731e4,0,0,0,-112,0,-108,0,116,0,0,0,0
398,0x55a7e031019b,R,0x7fff45b731e4,0,0,0,-112,0,0,0,116,0,120,0,0
400,0x55a7e03101a1,W,0x7fff45b73258,116,116,116,4,116,116,-116,-116,-116,4,-116,8
402,0x55a7e03101a8,R,0x7fff45b731e4,0,-116,0,-112,0,0,0,0,0,0,0,124
403,0x55a7e03101a8,W,0x7fff45b731e4,0,-116,0,0,0,0,0,120,0,0,0,124
405,0x55a7e03101af,R,0x7fff45b731e4,0,0,0,0,0,-112,0,120,0,0,0,124
408,0x55a7e0310193,R,0x7fff45b731e4,0,0,0,-116,0,-112,0,120,0,0,0,0
411,0x55a7e031019b,R,0x7fff45b731e4,0,0,0,-116,0,0,0,120,0,124,0,0
413,0x55a7e03101a1,W,0x7fff45b7325c,120,120,120,4,120,120,-120,-120,-120,4,-120,8
415,0x55a7e03101a8,R,0x7fff45b731e4,0,-120,0,-116,0,0,0,0,0,0,0,128
416,0x55a7e03101a8,W,0x7fff45b731e4,0,-120,0,0,0,0,0,124,0,0,0,128
418,0x55a7e03101af,R,0x7fff45b731e4,0,0,0,0,0,-116,0,124,0,0,0,128
421,0x55a7e0310193,R,0x7fff45b731e4,0,0,0,-120,0,-116,0,124,0,0,0,0
424,0x55a7e031019b,R,0x7fff45b731e4,0,0,0,-120,0,0,0,124,0,128,0,0
426,0x55a7e03101a1,W,0x7fff45b73260,124,124,124,4,124,124,-124,-124,-124,4,-124,8
428,0x55a7e03101a8,R,0x7fff45b731e4,0,-124,0,-120,0,0,0,0,0,0,0,132
429,0x55a7e03101a8,W,0x7fff45b731e4,0,-124,0,0,0,0,0,128,0,0,0,132
431,0x55a7e03101af,R,0x7fff45b731e4,0,0,0,0,0,-120,0,128,0,0,0,132
434,0x55a7e0310193,R,0x7fff45b731e4,0,0,0,-124,0,-120,0,128,0,0,0,0
437,0x55a7e031019b,R,0x7fff45b731e4,0,0,0,-124,0,0,0,128,0,132,0,0
439,0x55a7e03101a1,W,0x7fff45b73264,128,128,128,4,128,128,-128,-128,-128,4,-128,8
441,0x55a7e03101a8,R,0x7fff45b731e4,0,-128,0,-124,0,0,0,0,0,0,0,136
442,0x55a7e03101a8,W,0x7fff45b731e4,0,-128,0,0,0,0,0,132,0,0,0,136
444,0x55a7e03101af,R,0x7fff45b731e4,0,0,0,0,0,-124,0,132,0,0,0,136
447,0x55a7e0310193,R,0x7fff45b731e4,0,0,0,-128,0,-124,0,132,0,0,0,0
450,0x55a7e031019b,R,0x7fff45b731e4,0,0,0,-128,0,0,0,132,0,136,0,0
452,0x55a7e03101a1,W,0x7fff45b73268,132,132,132,4,132,132,-132,-132,-132,4,-132,8
454,0x55a7e03101a8,R,0x7fff45b731e4,0,-132,0,-128,0,0,0,0,0,0,0,140
455,0x55a7e03101a8,W,0x7fff45b731e4,0,-132,0,0,0,0,0,136,0,0,0,140
457,0x55a7e03101af,R,0x7fff45b731e4,0,0,0,0,0,-128,0,136,0,0,0,140
460,0x55a7e0310193,R,0x7fff45b731e4,0,0,0,-132,0,-128,0,136,0,0,0,0
463,0x55a7e031019b,R,0x7fff45b731e4,0,0,0,-132,0,0,0,136,0,140,0,0
465,0x55a7e03101a1,W,0x7fff45b7326c,136,136,136,4,136,136,-136,-136,-136,4,-136,8
467,0x55a7e03101a8,R,0x7fff45b731e4,0,-136,0,-132,0,0,0,0,0,0,0,144
468,0x55a7e03101a8,W,0x7fff45b731e4,0,-136,0,0,0,0,0,140,0,0,0,144
470,0x55a7e03101af,R,0x7fff45b731e4,0,0,0,0,0,-132,0,140,0,0,0,144
473,0x55a7e0310193,R,0x7fff45b731e4,0,0,0,-136,0,-132,0,140,0,0,0,0
476,0x55a7e031019b,R,0x7fff45b731e4,0,0,0,-136,0,0,0,140,0,144,0,0
478,0x55a7e03101a1,W,0x7fff45b73270,140,140,140,4,140,140,-140,-140,-140,4,-140,8
480,0x55a7e03101a8,R,0x7fff45b731e4,0,-140,0,-136,0,0,0,0,0,0,0,148
481,0x55a7e03101a8,W,0x7fff45b731e4,0,-140,0,0,0,0,0,144,0,0,0,148
483,0x55a7e03101af,R,0x7fff45b731e4,0,0,0,0,0,-136,0,144,0,0,0,148
486,0x55a7e0310193,R,0x7fff45b731e4,0,0,0,-140,0,-136,0,144,0,0,0,0
489,0x55a7e031019b,R,0x7fff45b731e4,0,0,0,-140,0,0,0,144,0,148,0,0
491,0x55a7e03101a1,W,0x7fff45b73274,144,144,144,4,144,144,-144,-144,-144,4,-144,8
493,0x55a7e03101a8,R,0x7fff45b731e4,0,-144,0,-140,0,0,0,0,0,0,0,152
494,0x55a7e03101a8,W,0x7fff45b731e4,0,-144,0,0,0,0,0,148,0,0,0,152
496,0x55a7e03101af,R,0x7fff45b731e4,0,0,0,0,0,-140,0,148,0,0,0,152
499,0x55a7e0310193,R,0x7fff45b731e4,0,0,0,-144,0,-140,0,148,0,0,0,0
502,0x55a7e031019b,R,0x7fff45b731e4,0,0,0,-144,0,0,0,148,0,152,0,0
504,0x55a7e03101a1,W,0x7fff45b73278,148,148,148,4,148,148,-148,-148,-148,4,-148,8
506,0x55a7e03101a8,R,0x7fff45b731e4,0,-148,0,-144,0,0,0,0,0,0,0,156
507,0x55a7e03101a8,W,0x7fff45b731e4,0,-148,0,0,0,0,0,152,0,0,0,156
509,0x55a7e03101af,R,0x7fff45b731e4,0,0,0,0,0,-144,0,152,0,0,0,156
512,0x55a7e0310193,R,0x7fff45b731e4,0,0,0,-148,0,-144,0,152,0,0,0,0
515,0x55a7e031019b,R,0x7fff45b731e4,0,0,0,-148,0,0,0,152,0,156,0,0
517,0x55a7e03101a1,W,0x7fff45b7327c,152,152,152,4,152,152,-152,-152,-152,4,-152,8
519,0x55a7e03101a8,R,0x7fff45b731e4,0,-152,0,-148,0,0,0,0,0,0,0,160
520,0x55a7e03101a8,W,0x7fff45b731e4,0,-152,0,0,0,0,0,156,0,0,0,160
522,0x55a7e03101af,R,0x7fff45b731e4,0,0,0,0,0,-148,0,156,0,0,0,160
525,0x55a7e0310193,R,0x7fff45b731e4,0,0,0,-152,0,-148,0,156,0,0,0,0
528,0x55a7e031019b,R,0x7fff45b731e4,0,0,0,-152,0,0,0,156,0,160,0,0
530,0x55a7e03101a1,W,0x7fff45b73280,156,156,156,4,156,156,-156,-156,-156,4,-156,8
532,0x55a7e03101a8,R,0x7fff45b731e4,0,-156,0,-152,0,0,0,0,0,0,0,164
533,0x55a7e03101a8,W,0x7fff45b731e4,0,-156,0,0,0,0,0,160,0,0,0,164
535,0x55a7e03101af,R,0x7fff45b731e4,0,0,0,0,0,-152,0,160,0,0,0,164
538,0x55a7e0310193,R,0x7fff45b731e4,0,0,0,-156,0,-152,0,160,0,0,0,0
541,0x55a7e031019b,R,0x7fff45b731e4,0,0,0,-156,0,0,0,160,0,164,0,0
543,0x55a7e03101a1,W,0x7fff45b73284,160,160,160,4,160,160,-160,-160,-160,4,-160,8
545,0x55a7e03101a8,R,0x7fff45b731e4,0,-160,0,-156,0,0,0,0,0,0,0,168
546,0x55a7e03101a8,W,0x7fff45b731e4,0,-160,0,0,0,0,0,164,0,0,0,168
548,0x55a7e03101af,R,0x7fff45b731e4,0,0,0,0,0,-156,0,164,0,0,0,168
551,0x55a7e0310193,R,0x7fff45b731e4,0,0,0,-160,0,-156,0,164,0,0,0,0
554,0x55a7e031019b,R,0x7fff45b731e4,0,0,0,-160,0,0,0,164,0,168,0,0
556,0x55a7e03101a1,W,0x7fff45b73288,164,164,164,4,164,164,-164,-164,-164,4,-164,8
558,0x55a7e03101a8,R,0x7fff45b731e4,0,-164,0,-160,0,0,0,0,0,0,0,172
559,0x55a7e03101a8,W,0x7fff45b731e4,0,-164,0,0,0,0,0,168,0,0,0,172
561,0x55a7e03101af,R,0x7fff45b731e4,0,0,0,0,0,-160,0,168,0,0,0,172
564,0x55a7e0310193,R,0x7fff45b731e4,0,0,0,-164,0,-160,0,168,0,0,0,0
567,0x55a7e031019b,R,0x7fff45b731e4,0,0,0,-164,0,0,0,168,0,172,0,0
569,0x55a7e03101a1,W,0x7fff45b7328c,168,168,168,4,168,168,-168,-168,-168,4,-168,8
571,0x55a7e03101a8,R,0x7fff45b731e4,0,-168,0,-164,0,0,0,0,0,0,0,176
572,0x55a7e03101a8,W,0x7fff45b731e4,0,-168,0,0,0,0,0,172,0,0,0,176
574,0x55a7e03101af,R,0x7fff45b731e4,0,0,0,0,0,-164,0,172,0,0,0,176
577,0x55a7e0310193,R,0x7fff45b731e4,0,0,0,-168,0,-164,0,172,0,0,0,0
580,0x55a7e031019b,R,0x7fff45b731e4,0,0,0,-168,0,0,0,172,0,176,0,0
582,0x55a7e03101a1,W,0x7fff45b73290,172,172,172,4,172,172,-172,-172,-172,4,-172,8
584,0x55a7e03101a8,R,0x7fff45b731e4,0,-172,0,-168,0,0,0,0,0,0,0,180
585,0x55a7e03101a8,W,0x7fff45b731e4,0,-172,0,0,0,0,0,176,0,0,0,180
587,0x55a7e03101af,R,0x7fff45b731e4,0,0,0,0,0,-168,0,176,0,0,0,180
590,0x55a7e0310193,R,0x7fff45b731e4,0,0,0,-172,0,-168,0,176,0,0,0,0
593,0x55a7e031019b,R,0x7fff45b731e4,0,0,0,-172,0,0,0,176,0,180,0,0
595,0x55a7e03101a1,W,0x7fff45b73294,176,176,176,4,176,176,-176,-176,-176,4,-176,8
597,0x55a7e03101a8,R,0x7fff45b731e4,0,-176,0,-172,0,0,0,0,0,0,0,184
598,0x55a7e03101a8,W,0x7fff45b731e4,0,-176,0,0,0,0,0,180,0,0,0,184
600,0x55a7e03101af,R,0x7fff45b731e4,0,0,0,0,0,-172,0,180,0,0,0,184
603,0x55a7e0310193,R,0x7fff45b731e4,0,0,0,-176,0,-172,0,180,0,0,0,0
606,0x55a7e031019b,R,0x7fff45b731e4,0,0,0,-176,0,0,0,180,0,184,0,0
608,0x55a7e03101a1,W,0x7fff45b73298,180,180,180,4,180,180,-180,-180,-180,4,-180,8
610,0x55a7e03101a8,R,0x7fff45b731e4,0,-180,0,-176,0,0,0,0,0,0,0,188
611,0x55a7e03101a8,W,0x7fff45b731e4,0,-180,0,0,0,0,0,184,0,0,0,188
613,0x55a7e03101af,R,0x7fff45b731e4,0,0,0,0,0,-176,0,184,0,0,0,188
616,0x55a7e0310193,R,0x7fff45b731e4,0,0,0,-180,0,-176,0,184,0,0,0,0
619,0x55a7e031019b,R,0x7fff45b731e4,0,0,0,-180,0,0,0,184,0,188,0,0
621,0x55a7e03101a1,W,0x7fff45b7329c,184,184,184,4,184,184,-184,-184,-184,4,-184,8
623,0x55a7e03101a8,R,0x7fff45b731e4,0,-184,0,-180,0,0,0,0,0,0,0,192
624,0x55a7e03101a8,W,0x7fff45b731e4,0,-184,0,0,0,0,0,188,0,0,0,192
626,0x55a7e03101af,R,0x7fff45b731e4,0,0,0,0,0,-180,0,188,0,0,0,192
629,0x55a7e0310193,R,0x7fff45b731e4,0,0,0,-184,0,-180,0,188,0,0,0,0
632,0x55a7e031019b,R,0x7fff45b731e4,0,0,0,-184,0,0,0,188,0,192,0,0
634,0x55a7e03101a1,W,0x7fff45b732a0,188,188,188,4,188,188,-188,-188,-188,4,-188,8
636,0x55a7e03101a8,R,0x7fff45b731e4,0,-188,0,-184,0,0,0,0,0,0,0,196
637,0x55a7e03101a8,W,0x7fff45b731e4,0,-188,0,0,0,0,0,192,0,0,0,196
639,0x55a7e03101af,R,0x7fff45b731e4,0,0,0,0,0,-184,0,192,0,0,0,196
642,0x55a7e0310193,R,0x7fff45b731e4,0,0,0,-188,0,-184,0,192,0,0,0,0
645,0x55a7e031019b,R,0x7fff45b731e4,0,0,0,-188,0,0,0,192,0,196,0,0
647,0x55a7e03101a1,W,0x7fff45b732a4,192,192,192,4,192,192,-192,-192,-192,4,-192,8
649,0x55a7e03101a8,R,0x7fff45b731e4,0,-192,0,-188,0,0,0,0,0,0,0,200
650,0x55a7e03101a8,W,0x7fff45b731e4,0,-192,0,0,0,0,0,196,0,0,0,200
652,0x55a7e03101af,R,0x7fff45b731e4,0,0,0,0,0,-188,0,196,0,0,0,200
655,0x55a7e0310193,R,0x7fff45b731e4,0,0,0,-192,0,-188,0,196,0,0,0,0
658,0x55a7e031019b,R,0x7fff45b731e4,0,0,0,-192,0,0,0,196,0,200,0,0
660,0x55a7e03101a1,W,0x7fff45b732a8,196,196,196,4,196,196,-196,-196,-196,4,-196,8
662,0x55a7e03101a8,R,0x7fff45b731e4,0,-196,0,-192,0,0,0,0,0,0,0,204
663,0x55a7e03101a8,W,0x7fff45b731e4,0,-196,0,0,0,0,0,200,0,0,0,204
665,0x55a7e03101af,R,0x7fff45b731e4,0,0,0,0,0,-192,0,200,0,0,0,204
668,0x55a7e0310193,R,0x7fff45b731e4,0,0,0,-196,0,-192,0,200,0,0,0,0
671,0x55a7e031019b,R,0x7fff45b731e4,0,0,0,-196,0,0,0,200,0,204,0,0
673,0x55a7e03101a1,W,0x7fff45b732ac,200,200,200,4,200,200,-200,-200,-200,4,-200,8
675,0x55a7e03101a8,R,0x7fff45b731e4,0,-200,0,-196,0,0,0,0,0,0,0,208
676,0x55a7e03101a8,W,0x7fff45b731e4,0,-200,0,0,0,0,0,204,0,0,0,208
678,0x55a7e03101af,R,0x7fff45b731e4,0,0,0,0,0,-196,0,204,0,0,0,208
681,0x55a7e0310193,R,0x7fff45b731e4,0,0,0,-200,0,-196,0,204,0,0,0,0
684,0x55a7e031019b,R,0x7fff45b731e4,0,0,0,-200,0,0,0,204,0,208,0,0
686,0x55a7e03101a1,W,0x7fff45b732b0,204,204,204,4,204,204,-204,-204,-204,4,-204,8
688,0x55a7e03101a8,R,0x7fff45b731e4,0,-204,0,-200,0,0,0,0,0,0,0,212
689,0x55a7e03101a8,W,0x7fff45b731e4,0,-204,0,0,0,0,0,208,0,0,0,212
691,0x55a7e03101af,R,0x7fff45b731e4,0,0,0,0,0,-200,0,208,0,0,0,212
694,0x55a7e0310193,R,0x7fff45b731e4,0,0,0,-204,0,-200,0,208,0,0,0,0
697,0x55a7e031019b,R,0x7fff45b731e4,0,0,0,-204,0,0,0,208,0,212,0,0
699,0x55a7e03101a1,W,0x7fff45b732b4,208,208,208,4,208,208,-208,-208,-208,4,-208,8
701,0x55a7e03101a8,R,0x7fff45b731e4,0,-208,0,-204,0,0,0,0,0,0,0,216
702,0x55a7e03101a8,W,0x7fff45b731e4,0,-208,0,0,0,0,0,212,0,0,0,216
704,0x55a7e03101af,R,0x7fff45b731e4,0,0,0,0,0,-204,0,212,0,0,0,216
707,0x55a7e0310193,R,0x7fff45b731e4,0,0,0,-208,0,-204,0,212,0,0,0,0
710,0x55a7e031019b,R,0x7fff45b731e4,0,0,0,-208,0,0,0,212,0,216,0,0
712,0x55a7e03101a1,W,0x7fff45b732b8,212,212,212,4,212,212,-212,-212,-212,4,-212,8
714,0x55a7e03101a8,R,0x7fff45b731e4,0,-212,0,-208,0,0,0,0,0,0,0,220
715,0x55a7e03101a8,W,0x7fff45b731e4,0,-212,0,0,0,0,0,216,0,0,0,220
717,0x55a7e03101af,R,0x7fff45b731e4,0,0,0,0,0,-208,0,216,0,0,0,220
720,0x55a7e0310193,R,0x7fff45b731e4,0,0,0,-212,0,-208,0,216,0,0,0,0
723,0x55a7e031019b,R,0x7fff45b731e4,0,0,0,-212,0,0,0,216,0,220,0,0
725,0x55a7e03101a1,W,0x7fff45b732bc,216,216,216,4,216,216,-216,-216,-216,4,-216,8
727,0x55a7e03101a8,R,0x7fff45b731e4,0,-216,0,-212,0,0,0,0,0,0,0,224
728,0x55a7e03101a8,W,0x7fff45b731e4,0,-216,0,0,0,0,0,220,0,0,0,224
730,0x55a7e03101af,R,0x7fff45b731e4,0,0,0,0,0,-212,0,220,0,0,0,224
733,0x55a7e0310193,R,0x7fff45b731e4,0,0,0,-216,0,-212,0,220,0,0,0,0
736,0x55a7e031019b,R,0x7fff45b731e4,0,0,0,-216,0,0,0,220,0,224,0,0
738,0x55a7e03101a1,W,0x7fff45b732c0,220,220,220,4,220,220,-220,-220,-220,4,-220,8
740,0x55a7e03101a8,R,0x7fff45b731e4,0,-220,0,-216,0,0,0,0,0,0,0,228
741,0x55a7e03101a8,W,0x7fff45b731e4,0,-220,0,0,0,0,0,224,0,0,0,228
743,0x55a7e03101af,R,0x7fff45b731e4,0,0,0,0,0,-216,0,224,0,0,0,228
746,0x55a7e0310193,R,0x7fff45b731e4,0,0,0,-220,0,-216,0,224,0,0,0,0
749,0x55a7e031019b,R,0x7fff45b731e4,0,0,0,-220,0,0,0,224,0,228,0,0
751,0x55a7e03101a1,W,0x7fff45b732c4,224,224,224,4,224,224,-224,-224,-224,4,-224,8
753,0x55a7e03101a8,R,0x7fff45b731e4,0,-224,0,-220,0,0,0,0,0,0,0,232
754,0x55a7e03101a8,W,0x7fff45b731e4,0,-224,0,0,0,0,0,228,0,0,0,232
756,0x55a7e03101af,R,0x7fff45b731e4,0,0,0,0,0,-220,0,228,0,0,0,232
759,0x55a7e0310193,R,0x7fff45b731e4,0,0,0,-224,0,-220,0,228,0,0,0,0
762,0x55a7e031019b,R,0x7fff45b731e4,0,0,0,-224,0,0,0,228,0,232,0,0
764,0x55a7e03101a1,W,0x7fff45b732c8,228,228,228,4,228,228,-228,-228,-228,4,-228,8
766,0x55a7e03101a8,R,0x7fff45b731e4,0,-228,0,-224,0,0,0,0,0,0,0,236
767,0x55a7e03101a8,W,0x7fff45b731e4,0,-228,0,0,0,0,0,232,0,0,0,236
769,0x55a7e03101af,R,0x7fff45b731e4,0,0,0,0,0,-224,0,232,0,0,0,236
772,0x55a7e0310193,R,0x7fff45b731e4,0,0,0,-228,0,-224,0,232,0,0,0,0
775,0x55a7e031019b,R,0x7fff45b731e4,0,0,0,-228,0,0,0,232,0,236,0,0
777,0x55a7e03101a1,W,0x7fff45b732cc,232,232,232,4,232,232,-232,-232,-232,4,-232,8
779,0x55a7e03101a8,R,0x7fff45b731e4,0,-232,0,-228,0,0,0,0,0,0,0,240
780,0x55a7e03101a8,W,0x7fff45b731e4,0,-232,0,0,0,0,0,236,0,0,0,240
782,0x55a7e03101af,R,0x7fff45b731e4,0,0,0,0,0,-228,0,236,0,0,0,240
785,0x55a7e0310193,R,0x7fff45b731e4,0,0,0,-232,0,-228,0,236,0,0,0,0
788,0x55a7e031019b,R,0x7fff45b731e4,0,0,0,-232,0,0,0,236,0,240,0,0
790,0x55a7e03101a1,W,0x7fff45b732d0,236,236,236,4,236,236,-236,-236,-236,4,-236,8
792,0x55a7e03101a8,R,0x7fff45b731e4,0,-236,0,-232,0,0,0,0,0,0,0,244
793,0x55a7e03101a8,W,0x7fff45b731e4,0,-236,0,0,0,0,0,240,0,0,0,244
795,0x55a7e03101af,R,0x7fff45b731e4,0,0,0,0,0,-232,0,240,0,0,0,244
798,0x55a7e0310193,R,0x7fff45b731e4,0,0,0,-236,0,-232,0,240,0,0,0,0
801,0x55a7e031019b,R,0x7fff45b731e4,0,0,0,-236,0,0,0,240,0,244,0,0
803,0x55a7e03101a1,W,0x7fff45b732d4,240,240,240,4,240,240,-240,-240,-240,4,-240,8
805,0x55a7e03101a8,R,0x7fff45b731e4,0,-240,0,-236,0,0,0,0,0,0,0,248
806,0x55a7e03101a8,W,0x7fff45b731e4,0,-240,0,0,0,0,0,244,0,0,0,248
808,0x55a7e03101af,R,0x7fff45b731e4,0,0,0,0,0,-236,0,244,0,0,0,248
811,0x55a7e0310193,R,0x7fff45b731e4,0,0,0,-240,0,-236,0,244,0,0,0,0
814,0x55a7e031019b,R,0x7fff45b731e4,0,0,0,-240,0,0,0,244,0,248,0,0
816,0x55a7e03101a1,W,0x7fff45b732d8,244,244,244,4,244,244,-244,-244,-244,4,-244,8
818,0x55a7e03101a8,R,0x7fff45b731e4,0,-244,0,-240,0,0,0,0,0,0,0,252
819,0x55a7e03101a8,W,0x7fff45b731e4,0,-244,0,0,0,0,0,248,0,0,0,252
821,0x55a7e03101af,R,0x7fff45b731e4,0,0,0,0,0,-240,0,248,0,0,0,252
824,0x55a7e0310193,R,0x7fff45b731e4,0,0,0,-244,0,-240,0,248,0,0,0,0
827,0x55a7e031019b,R,0x7fff45b731e4,0,0,0,-244,0,0,0,248,0,252,0,0
829,0x55a7e03101a1,W,0x7fff45b732dc,248,248,248,4,248,248,-248,-248,-248,4,-248,8
831,0x55a7e03101a8,R,0x7fff45b731e4,0,-248,0,-244,0,0,0,0,0,0,0,256
832,0x55a7e03101a8,W,0x7fff45b731e4,0,-248,0,0,0,0,0,252,0,0,0,256
834,0x55a7e03101af,R,0x7fff45b731e4,0,0,0,0,0,-244,0,252,0,0,0,256
837,0x55a7e0310193,R,0x7fff45b731e4,0,0,0,-248,0,-244,0,252,0,0,0,0
840,0x55a7e031019b,R,0x7fff45b731e4,0,0,0,-248,0,0,0,252,0,256,0,0
842,0x55a7e03101a1,W,0x7fff45b732e0,252,252,252,4,252,252,-252,-252,-252,4,-252,8
844,0x55a7e03101a8,R,0x7fff45b731e4,0,-252,0,-248,0,0,0,0,0,0,0,260
845,0x55a7e03101a8,W,0x7fff45b731e4,0,-252,0,0,0,0,0,256,0,0,0,260
847,0x55a7e03101af,R,0x7fff45b731e4,0,0,0,0,0,-248,0,256,0,0,0,260
850,0x55a7e0310193,R,0x7fff45b731e4,0,0,0,-252,0,-248,0,256,0,0,0,0
853,0x55a7e031019b,R,0x7fff45b731e4,0,0,0,-252,0,0,0,256,0,260,0,0
855,0x55a7e03101a1,W,0x7fff45b732e4,256,256,256,4,256,256,-256,-256,-256,4,-256,8
857,0x55a7e03101a8,R,0x7fff45b731e4,0,-256,0,-252,0,0,0,0,0,0,0,264
858,0x55a7e03101a8,W,0x7fff45b731e4,0,-256,0,0,0,0,0,260,0,0,0,264
860,0x55a7e03101af,R,0x7fff45b731e4,0,0,0,0,0,-252,0,260,0,0,0,264
863,0x55a7e0310193,R,0x7fff45b731e4,0,0,0,-256,0,-252,0,260,0,0,0,0
866,0x55a7e031019b,R,0x7fff45b731e4,0,0,0,-256,0,0,0,260,0,264,0,0
868,0x55a7e03101a1,W,0x7fff45b732e8,260,260,260,4,260,260,-260,-260,-260,4,-260,8
870,0x55a7e03101a8,R,0x7fff45b731e4,0,-260,0,-256,0,0,0,0,0,0,0,268
871,0x55a7e03101a8,W,0x7fff45b731e4,0,-260,0,0,0,0,0,264,0,0,0,268
873,0x55a7e03101af,R,0x7fff45b731e4,0,0,0,0,0,-256,0,264,0,0,0,268
876,0x55a7e0310193,R,0x7fff45b731e4,0,0,0,-260,0,-256,0,264,0,0,0,0
879,0x55a7e031019b,R,0x7fff45b731e4,0,0,0,-260,0,0,0,264,0,268,0,0
881,0x55a7e03101a1,W,0x7fff45b732ec,264,264,264,4,264,264,-264,-264,-264,4,-264,8
883,0x55a7e03101a8,R,0x7fff45b731e4,0,-264,0,-260,0,0,0,0,0,0,0,272
884,0x55a7e03101a8,W,0x7fff45b731e4,0,-264,0,0,0,0,0,268,0,0,0,272
886,0x55a7e03101af,R,0x7fff45b731e4,0,0,0,0,0,-260,0,268,0,0,0,272
889,0x55a7e0310193,R,0x7fff45b731e4,0,0,0,-264,0,-260,0,268,0,0,0,0
892,0x55a7e031019b,R,0x7fff45b731e4,0,0,0,-264,0,0,0,268,0,272,0,0
894,0x55a7e03101a1,W,0x7fff45b732f0,268,268,268,4,268,268,-268,-268,-268,4,-268,8
896,0x55a7e03101a8,R,0x7fff45b731e4,0,-268,0,-264,0,0,0,0,0,0,0,276
897,0x55a7e03101a8,W,0x7fff45b731e4,0,-268,0,0,0,0,0,272,0,0,0,276
899,0x55a7e03101af,R,0x7fff45b731e4,0,0,0,0,0,-264,0,272,0,0,0,276
902,0x55a7e0310193,R,0x7fff45b731e4,0,0,0,-268,0,-264,0,272,0,0,0,0
905,0x55a7e031019b,R,0x7fff45b731e4,0,0,0,-268,0,0,0,272,0,276,0,0
907,0x55a7e03101a1,W,0x7fff45b732f4,272,272,272,4,272,272,-272,-272,-272,4,-272,8
909,0x55a7e03101a8,R,0x7fff45b731e4,0,-272,0,-268,0,0,0,0,0,0,0,280
910,0x55a7e03101a8,W,0x7fff45b731e4,0,-272,0,0,0,0,0,276,0,0,0,280
912,0x55a7e03101af,R,0x7fff45b731e4,0,0,0,0,0,-268,0,276,0,0,0,280
915,0x55a7e0310193,R,0x7fff45b731e4,0,0,0,-272,0,-268,0,276,0,0,0,0
918,0x55a7e031019b,R,0x7fff45b731e4,0,0,0,-272,0,0,0,276,0,280,0,0
920,0x55a7e03101a1,W,0x7fff45b732f8,276,276,276,4,276,276,-276,-276,-276,4,-276,8
922,0x55a7e03101a8,R,0x7fff45b731e4,0,-276,0,-272,0,0,0,0,0,0,0,284
923,0x55a7e03101a8,W,0x7fff45b731e4,0,-276,0,0,0,0,0,280,0,0,0,284
925,0x55a7e03101af,R,0x7fff45b731e4,0,0,0,0,0,-272,0,280,0,0,0,284
928,0x55a7e0310193,R,0x7fff45b731e4,0,0,0,-276,0,-272,0,280,0,0,0,0
931,0x55a7e031019b,R,0x7fff45b731e4,0,0,0,-276,0,0,0,280,0,284,0,0
933,0x55a7e03101a1,W,0x7fff45b732fc,280,280,280,4,280,280,-280,-280,-280,4,-280,8
935,0x55a7e03101a8,R,0x7fff45b731e4,0,-280,0,-276,0,0,0,0,0,0,0,288
936,0x55a7e03101a8,W,0x7fff45b731e4,0,-280,0,0,0,0,0,284,0,0,0,288
938,0x55a7e03101af,R,0x7fff45b731e4,0,0,0,0,0,-276,0,284,0,0,0,288
941,0x55a7e0310193,R,0x7fff45b731e4,0,0,0,-280,0,-276,0,284,0,0,0,0
944,0x55a7e031019b,R,0x7fff45b731e4,0,0,0,-280,0,0,0,284,0,288,0,0
946,0x55a7e03101a1,W,0x7fff45b73300,284,284,284,4,284,284,-284,-284,-284,4,-284,8
948,0x55a7e03101a8,R,0x7fff45b731e4,0,-284,0,-280,0,0,0,0,0,0,0,292
949,0x55a7e03101a8,W,0x7fff45b731e4,0,-284,0,0,0,0,0,288,0,0,0,292
951,0x55a7e03101af,R,0x7fff45b731e4,0,0,0,0,0,-280,0,288,0,0,0,292
954,0x55a7e0310193,R,0x7fff45b731e4,0,0,0,-284,0,-280,0,288,0,0,0,0
957,0x55a7e031019b,R,0x7fff45b731e4,0,0,0,-284,0,0,0,288,0,292,0,0
959,0x55a7e03101a1,W,0x7fff45b73304,288,288,288,4,288,288,-288,-288,-288,4,-288,8
961,0x55a7e03101a8,R,0x7fff45b731e4,0,-288,0,-284,0,0,0,0,0,0,0,296
962,0x55a7e03101a8,W,0x7fff45b731e4,0,-288,0,0,0,0,0,292,0,0,0,296
964,0x55a7e03101af,R,0x7fff45b731e4,0,0,0,0,0,-284,0,292,0,0,0,296
967,0x55a7e0310193,R,0x7fff45b731e4,0,0,0,-288,0,-284,0,292,0,0,0,0
970,0x55a7e031019b,R,0x7fff45b731e4,0,0,0,-288,0,0,0,292,0,296,0,0
972,0x55a7e03101a1,W,0x7fff45b73308,292,292,292,4,292,292,-292,-292,-292,4,-292,8
974,0x55a7e03101a8,R,0x7fff45b731e4,0,-292,0,-288,0,0,0,0,0,0,0,300
975,0x55a7e03101a8,W,0x7fff45b731e4,0,-292,0,0,0,0,0,296,0,0,0,300
977,0x55a7e03101af,R,0x7fff45b731e4,0,0,0,0,0,-288,0,296,0,0,0,300
980,0x55a7e0310193,R,0x7fff45b731e4,0,0,0,-292,0,-288,0,296,0,0,0,0
983,0x55a7e031019b,R,0x7fff45b731e4,0,0,0,-292,0,0,0,296,0,300,0,0
985,0x55a7e03101a1,W,0x7fff45b7330c,296,296,296,4,296,296,-296,-296,-296,4,-296,8
987,0x55a7e03101a8,R,0x7fff45b731e4,0,-296,0,-292,0,0,0,0,0,0,0,304
988,0x55a7e03101a8,W,0x7fff45b731e4,0,-296,0,0,0,0,0,300,0,0,0,304
990,0x55a7e03101af,R,0x7fff45b731e4,0,0,0,0,0,-292,0,300,0,0,0,304
993,0x55a7e0310193,R,0x7fff45b731e4,0,0,0,-296,0,-292,0,300,0,0,0,0
996,0x55a7e031019b,R,0x7fff45b731e4,0,0,0,-296,0,0,0,300,0,304,0,0
998,0x55a7e03101a1,W,0x7fff45b73310,300,300,300,4,300,300,-300,-300,-300,4,-300,8
1000,0x55a7e03101a8,R,0x7fff45b731e4,0,-300,0,-296,0,0,0,0,0,0,0,308
1001,0x55a7e03101a8,W,0x7fff45b731e4,0,-300,0,0,0,0,0,304,0,0,0,308
1003,0x55a7e03101af,R,0x7fff45b731e4,0,0,0,0,0,-296,0,304,0,0,0,308
1006,0x55a7e0310193,R,0x7fff45b731e4,0,0,0,-300,0,-296,0,304,0,0,0,0
1009,0x55a7e031019b,R,0x7fff45b731e4,0,0,0,-300,0,0,0,304,0,308,0,0
1011,0x55a7e03101a1,W,0x7fff45b73314,304,304,304,4,304,304,-304,-304,-304,4,-304,8
1013,0x55a7e03101a8,R,0x7fff45b731e4,0,-304,0,-300,0,0,0,0,0,0,0,312
1014,0x55a7e03101a8,W,0x7fff45b731e4,0,-304,0,0,0,0,0,308,0,0,0,312
1016,0x55a7e03101af,R,0x7fff45b731e4,0,0,0,0,0,-300,0,308,0,0,0,312
1019,0x55a7e0310193,R,0x7fff45b731e4,0,0,0,-304,0,-300,0,308,0,0,0,0
1022,0x55a7e031019b,R,0x7fff45b731e4,0,0,0,-304,0,0,0,308,0,312,0,0
1024,0x55a7e03101a1,W,0x7fff45b73318,308,308,308,4,308,308,-308,-308,-308,4,-308,8
1026,0x55a7e03101a8,R,0x7fff45b731e4,0,-308,0,-304,0,0,0,0,0,0,0,316
1027,0x55a7e03101a8,W,0x7fff45b731e4,0,-308,0,0,0,0,0,312,0,0,0,316
1029,0x55a7e03101af,R,0x7fff45b731e4,0,0,0,0,0,-304,0,312,0,0,0,316
1032,0x55a7e0310193,R,0x7fff45b731e4,0,0,0,-308,0,-304,0,312,0,0,0,0
1035,0x55a7e031019b,R,0x7fff45b731e4,0,0,0,-308,0,0,0,312,0,316,0,0
1037,0x55a7e03101a1,W,0x7fff45b7331c,312,312,312,4,312,312,-312,-312,-312,4,-312,8
1039,0x55a7e03101a8,R,0x7fff45b731e4,0,-312,0,-308,0,0,0,0,0,0,0,320
1040,0x55a7e03101a8,W,0x7fff45b731e4,0,-312,0,0,0,0,0,316,0,0,0,320
1042,0x55a7e03101af,R,0x7fff45b731e4,0,0,0,0,0,-308,0,316,0,0,0,320
1045,0x55a7e0310193,R,0x7fff45b731e4,0,0,0,-312,0,-308,0,316,0,0,0,0
1048,0x55a7e031019b,R,0x7fff45b731e4,0,0,0,-312,0,0,0,316,0,320,0,0
1050,0x55a7e03101a1,W,0x7fff45b73320,316,316,316,4,316,316,-316,-316,-316,4,-316,8
1052,0x55a7e03101a8,R,0x7fff45b731e4,0,-316,0,-312,0,0,0,0,0,0,0,324
1053,0x55a7e03101a8,W,0x7fff45b731e4,0,-316,0,0,0,0,0,320,0,0,0,324
1055,0x55a7e03101af,R,0x7fff45b731e4,0,0,0,0,0,-312,0,320,0,0,0,324
1058,0x55a7e0310193,R,0x7fff45b731e4,0,0,0,-316,0,-312,0,320,0,0,0,0
1061,0x55a7e031019b,R,0x7fff45b731e4,0,0,0,-316,0,0,0,320,0,324,0,0
1063,0x55a7e03101a1,W,0x7fff45b73324,320,320,320,4,320,320,-320,-320,-320,4,-320,8
1065,0x55a7e03101a8,R,0x7fff45b731e4,0,-320,0,-316,0,0,0,0,0,0,0,328
1066,0x55a7e03101a8,W,0x7fff45b731e4,0,-320,0,0,0,0,0,324,0,0,0,328
1068,0x55a7e03101af,R,0x7fff45b731e4,0,0,0,0,0,-316,0,324,0,0,0,328
1071,0x55a7e0310193,R,0x7fff45b731e4,0,0,0,-320,0,-316,0,324,0,0,0,0
1074,0x55a7e031019b,R,0x7fff45b731e4,0,0,0,-320,0,0,0,324,0,328,0,0
1076,0x55a7e03101a1,W,0x7fff45b73328,324,324,324,4,324,324,-324,-324,-324,4,-324,8
1078,0x55a7e03101a8,R,0x7fff45b731e4,0,-324,0,-320,0,0,0,0,0,0,0,332
1079,0x55a7e03101a8,W,0x7fff45b731e4,0,-324,0,0,0,0,0,328,0,0,0,332
1081,0x55a7e03101af,R,0x7fff45b731e4,0,0,0,0,0,-320,0,328,0,0,0,332
1084,0x55a7e0310193,R,0x7fff45b731e4,0,0,0,-324,0,-320,0,328,0,0,0,0
1087,0x55a7e031019b,R,0x7fff45b731e4,0,0,0,-324,0,0,0,328,0,332,0,0
1089,0x55a7e03101a1,W,0x7fff45b7332c,328,328,328,4,328,328,-328,-328,-328,4,-328,8
1091,0x55a7e03101a8,R,0x7fff45b731e4,0,-328,0,-324,0,0,0,0,0,0,0,336
1092,0x55a7e03101a8,W,0x7fff45b731e4,0,-328,0,0,0,0,0,332,0,0,0,336
1094,0x55a7e03101af,R,0x7fff45b731e4,0,0,0,0,0,-324,0,332,0,0,0,336
1097,0x55a7e0310193,R,0x7fff45b731e4,0,0,0,-328,0,-324,0,332,0,0,0,0
1100,0x55a7e031019b,R,0x7fff45b731e4,0,0,0,-328,0,0,0,332,0,336,0,0
1102,0x55a7e03101a1,W,0x7fff45b73330,332,332,332,4,332,332,-332,-332,-332,4,-332,8
1104,0x55a7e03101a8,R,0x7fff45b731e4,0,-332,0,-328,0,0,0,0,0,0,0,340
1105,0x55a7e03101a8,W,0x7fff45b731e4,0,-332,0,0,0,0,0,336,0,0,0,340
1107,0x55a7e03101af,R,0x7fff45b731e4,0,0,0,0,0,-328,0,336,0,0,0,340
1110,0x55a7e0310193,R,0x7fff45b731e4,0,0,0,-332,0,-328,0,336,0,0,0,0
1113,0x55a7e031019b,R,0x7fff45b731e4,0,0,0,-332,0,0,0,336,0,340,0,0
1115,0x55a7e03101a1,W,0x7fff45b73334,336,336,336,4,336,336,-336,-336,-336,4,-336,8
1117,0x55a7e03101a8,R,0x7fff45b731e4,0,-336,0,-332,0,0,0,0,0,0,0,344
1118,0x55a7e03101a8,W,0x7fff45b731e4,0,-336,0,0,0,0,0,340,0,0,0,344
1120,0x55a7e03101af,R,0x7fff45b731e4,0,0,0,0,0,-332,0,340,0,0,0,344
1123,0x55a7e0310193,R,0x7fff45b731e4,0,0,0,-336,0,-332,0,340,0,0,0,0
1126,0x55a7e031019b,R,0x7fff45b731e4,0,0,0,-336,0,0,0,340,0,344,0,0
1128,0x55a7e03101a1,W,0x7fff45b73338,340,340,340,4,340,340,-340,-340,-340,4,-340,8
1130,0x55a7e03101a8,R,0x7fff45b731e4,0,-340,0,-336,0,0,0,0,0,0,0,348
1131,0x55a7e03101a8,W,0x7fff45b731e4,0,-340,0,0,0,0,0,344,0,0,0,348
1133,0x55a7e03101af,R,0x7fff45b731e4,0,0,0,0,0,-336,0,344,0,0,0,348
1136,0x55a7e0310193,R,0x7fff45b731e4,0,0,0,-340,0,-336,0,344,0,0,0,0
1139,0x55a7e031019b,R,0x7fff45b731e4,0,0,0,-340,0,0,0,344,0,348,0,0
1141,0x55a7e03101a1,W,0x7fff45b7333c,344,344,344,4,344,344,-344,-344,-344,4,-344,8
1143,0x55a7e03101a8,R,0x7fff45b731e4,0,-344,0,-340,0,0,0,0,0,0,0,352
1144,0x55a7e03101a8,W,0x7fff45b731e4,0,-344,0,0,0,0,0,348,0,0,0,352
1146,0x55a7e03101af,R,0x7fff45b731e4,0,0,0,0,0,-340,0,348,0,0,0,352
1149,0x55a7e0310193,R,0x7fff45b731e4,0,0,0,-344,0,-340,0,348,0,0,0,0
1152,0x55a7e031019b,R,0x7fff45b731e4,0,0,0,-344,0,0,0,348,0,352,0,0
1154,0x55a7e03101a1,W,0x7fff45b73340,348,348,348,4,348,348,-348,-348,-348,4,-348,8
1156,0x55a7e03101a8,R,0x7fff45b731e4,0,-348,0,-344,0,0,0,0,0,0,0,356
1157,0x55a7e03101a8,W,0x7fff45b731e4,0,-348,0,0,0,0,0,352,0,0,0,356
1159,0x55a7e03101af,R,0x7fff45b731e4,0,0,0,0,0,-344,0,352,0,0,0,356
1162,0x55a7e0310193,R,0x7fff45b731e4,0,0,0,-348,0,-344,0,352,0,0,0,0
1165,0x55a7e031019b,R,0x7fff45b731e4,0,0,0,-348,0,0,0,352,0,356,0,0
1167,0x55a7e03101a1,W,0x7fff45b73344,352,352,352,4,352,352,-352,-352,-352,4,-352,8
1169,0x55a7e03101a8,R,0x7fff45b731e4,0,-352,0,-348,0,0,0,0,0,0,0,360
1170,0x55a7e03101a8,W,0x7fff45b731e4,0,-352,0,0,0,0,0,356,0,0,0,360
1172,0x55a7e03101af,R,0x7fff45b731e4,0,0,0,0,0,-348,0,356,0,0,0,360
1175,0x55a7e0310193,R,0x7fff45b731e4,0,0,0,-352,0,-348,0,356,0,0,0,0
1178,0x55a7e031019b,R,0x7fff45b731e4,0,0,0,-352,0,0,0,356,0,360,0,0
1180,0x55a7e03101a1,W,0x7fff45b73348,356,356,356,4,356,356,-356,-356,-356,4,-356,8
1182,0x55a7e03101a8,R,0x7fff45b731e4,0,-356,0,-352,0,0,0,0,0,0,0,364
1183,0x55a7e03101a8,W,0x7fff45b731e4,0,-356,0,0,0,0,0,360,0,0,0,364
1185,0x55a7e03101af,R,0x7fff45b731e4,0,0,0,0,0,-352,0,360,0,0,0,364
1188,0x55a7e0310193,R,0x7fff45b731e4,0,0,0,-356,0,-352,0,360,0,0,0,0
1191,0x55a7e031019b,R,0x7fff45b731e4,0,0,0,-356,0,0,0,360,0,364,0,0
1193,0x55a7e03101a1,W,0x7fff45b7334c,360,360,360,4,360,360,-360,-360,-360,4,-360,8
1195,0x55a7e03101a8,R,0x7fff45b731e4,0,-360,0,-356,0,0,0,0,0,0,0,368
1196,0x55a7e03101a8,W,0x7fff45b731e4,0,-360,0,0,0,0,0,364,0,0,0,368
1198,0x55a7e03101af,R,0x7fff45b731e4,0,0,0,0,0,-356,0,364,0,0,0,368
1201,0x55a7e0310193,R,0x7fff45b731e4,0,0,0,-360,0,-356,0,364,0,0,0,0
1204,0x55a7e031019b,R,0x7fff45b731e4,0,0,0,-360,0,0,0,364,0,368,0,0
1206,0x55a7e03101a1,W,0x7fff45b73350,364,364,364,4,364,364,-364,-364,-364,4,-364,8
1208,0x55a7e03101a8,R,0x7fff45b731e4,0,-364,0,-360,0,0,0,0,0,0,0,372
1209,0x55a7e03101a8,W,0x7fff45b731e4,0,-364,0,0,0,0,0,368,0,0,0,372
1211,0x55a7e03101af,R,0x7fff45b731e4,0,0,0,0,0,-360,0,368,0,0,0,372
1214,0x55a7e0310193,R,0x7fff45b731e4,0,0,0,-364,0,-360,0,368,0,0,0,0
1217,0x55a7e031019b,R,0x7fff45b731e4,0,0,0,-364,0,0,0,368,0,372,0,0
1219,0x55a7e03101a1,W,0x7fff45b73354,368,368,368,4,368,368,-368,-368,-368,4,-368,8
1221,0x55a7e03101a8,R,0x7fff45b731e4,0,-368,0,-364,0,0,0,0,0,0,0,376
1222,0x55a7e03101a8,W,0x7fff45b731e4,0,-368,0,0,0,0,0,372,0,0,0,376
1224,0x55a7e03101af,R,0x7fff45b731e4,0,0,0,0,0,-364,0,372,0,0,0,376
1227,0x55a7e0310193,R,0x7fff45b731e4,0,0,0,-368,0,-364,0,372,0,0,0,0
1230,0x55a7e031019b,R,0x7fff45b731e4,0,0,0,-368,0,0,0,372,0,376,0,0
1232,0x55a7e03101a1,W,0x7fff45b73358,372,372,372,4,372,372,-372,-372,-372,4,-372,8
1234,0x55a7e03101a8,R,0x7fff45b731e4,0,-372,0,-368,0,0,0,0,0,0,0,380
1235,0x55a7e03101a8,W,0x7fff45b731e4,0,-372,0,0,0,0,0,376,0,0,0,380
1237,0x55a7e03101af,R,0x7fff45b731e4,0,0,0,0,0,-368,0,376,0,0,0,380
1240,0x55a7e0310193,R,0x7fff45b731e4,0,0,0,-372,0,-368,0,376,0,0,0,0
1243,0x55a7e031019b,R,0x7fff45b731e4,0,0,0,-372,0,0,0,376,0,380,0,0
1245,0x55a7e03101a1,W,0x7fff45b7335c,376,376,376,4,376,376,-376,-376,-376,4,-376,8
1247,0x55a7e03101a8,R,0x7fff45b731e4,0,-376,0,-372,0,0,0,0,0,0,0,384
1248,0x55a7e03101a8,W,0x7fff45b731e4,0,-376,0,0,0,0,0,380,0,0,0,384
1250,0x55a7e03101af,R,0x7fff45b731e4,0,0,0,0,0,-372,0,380,0,0,0,384
1253,0x55a7e0310193,R,0x7fff45b731e4,0,0,0,-376,0,-372,0,380,0,0,0,0
1256,0x55a7e031019b,R,0x7fff45b731e4,0,0,0,-376,0,0,0,380,0,384,0,0
1258,0x55a7e03101a1,W,0x7fff45b73360,380,380,380,4,380,380,-380,-380,-380,4,-380,8
1260,0x55a7e03101a8,R,0x7fff45b731e4,0,-380,0,-376,0,0,0,0,0,0,0,388
1261,0x55a7e03101a8,W,0x7fff45b731e4,0,-380,0,0,0,0,0,384,0,0,0,388
1263,0x55a7e03101af,R,0x7fff45b731e4,0,0,0,0,0,-376,0,384,0,0,0,388
1266,0x55a7e0310193,R,0x7fff45b731e4,0,0,0,-380,0,-376,0,384,0,0,0,0
1269,0x55a7e031019b,R,0x7fff45b731e4,0,0,0,-380,0,0,0,384,0,388,0,0
1271,0x55a7e03101a1,W,0x7fff45b73364,384,384,384,4,384,384,-384,-384,-384,4,-384,8
1273,0x55a7e03101a8,R,0x7fff45b731e4,0,-384,0,-380,0,0,0,0,0,0,0,392
1274,0x55a7e03101a8,W,0x7fff45b731e4,0,-384,0,0,0,0,0,388,0,0,0,392
1276,0x55a7e03101af,R,0x7fff45b731e4,0,0,0,0,0,-380,0,388,0,0,0,392
1279,0x55a7e0310193,R,0x7fff45b731e4,0,0,0,-384,0,-380,0,388,0,0,0,0
1282,0x55a7e031019b,R,0x7fff45b731e4,0,0,0,-384,0,0,0,388,0,392,0,0
1284,0x55a7e03101a1,W,0x7fff45b73368,388,388,388,4,388,388,-388,-388,-388,4,-388,8
1286,0x55a7e03101a8,R,0x7fff45b731e4,0,-388,0,-384,0,0,0,0,0,0,0,396
1287,0x55a7e03101a8,W,0x7fff45b731e4,0,-388,0,0,0,0,0,392,0,0,0,396
1289,0x55a7e03101af,R,0x7fff45b731e4,0,0,0,0,0,-384,0,392,0,0,0,396
1292,0x55a7e0310193,R,0x7fff45b731e4,0,0,0,-388,0,-384,0,392,0,0,0,0
1295,0x55a7e031019b,R,0x7fff45b731e4,0,0,0,-388,0,0,0,392,0,396,0,0
1297,0x55a7e03101a1,W,0x7fff45b7336c,392,392,392,4,392,392,-392,-392,-392,4,-392,8
1299,0x55a7e03101a8,R,0x7fff45b731e4,0,-392,0,-388,0,0,0,0,0,0,0,400
1300,0x55a7e03101a8,W,0x7fff45b731e4,0,-392,0,0,0,0,0,396,0,0,0,400
1302,0x55a7e03101af,R,0x7fff45b731e4,0,0,0,0,0,-388,0,396,0,0,0,400
1305,0x55a7e0310193,R,0x7fff45b731e4,0,0,0,-392,0,-388,0,396,0,0,0,0
1308,0x55a7e031019b,R,0x7fff45b731e4,0,0,0,-392,0,0,0,396,0,400,0,0
1310,0x55a7e03101a1,W,0x7fff45b73370,396,396,396,4,396,396,-396,-396,-396,4,-396,8
1312,0x55a7e03101a8,R,0x7fff45b731e4,0,-396,0,-392,0,0,0,0,0,0,0,404
1313,0x55a7e03101a8,W,0x7fff45b731e4,0,-396,0,0,0,0,0,400,0,0,0,404
1315,0x55a7e03101af,R,0x7fff45b731e4,0,0,0,0,0,-392,0,400,0,0,0,404
1318,0x55a7e0310193,R,0x7fff45b731e4,0,0,0,-396,0,-392,0,400,0,0,0,0
1321,0x55a7e031019b,R,0x7fff45b731e4,0,0,0,-396,0,0,0,400,0,404,0,0
1323,0x55a7e03101a1,W,0x7fff45b73374,400,400,400,4,400,400,-400,-400,-400,4,-400,8
1325,0x55a7e03101a8,R,0x7fff45b731e4,0,-400,0,-396,0,0,0,0,0,0,0,408
1326,0x55a7e03101a8,W,0x7fff45b731e4,0,-400,0,0,0,0,0,404,0,0,0,408
1328,0x55a7e03101af,R,0x7fff45b731e4,0,0,0,0,0,-396,0,404,0,0,0,408
1331,0x55a7e0310193,R,0x7fff45b731e4,0,0,0,-400,0,-396,0,404,0,0,0,0
1334,0x55a7e031019b,R,0x7fff45b731e4,0,0,0,-400,0,0,0,404,0,408,0,0
1336,0x55a7e03101a1,W,0x7fff45b73378,404,404,404,4,404,404,-404,-404,-404,4,-404,-400
1338,0x55a7e03101a8,R,0x7fff45b731e4,0,-404,0,-400,0,0,0,0,0,0,0,4
1339,0x55a7e03101a8,W,0x7fff45b731e4,0,-404,0,0,0,0,0,408,0,0,0,4
1341,0x55a7e03101af,R,0x7fff45b731e4,0,0,0,0,0,-400,0,408,0,0,8,4
1344,0x55a7e0310193,R,0x7fff45b731e4,0,0,0,-404,0,-400,0,408,0,0,8,8
1347,0x55a7e031019b,R,0x7fff45b731e4,0,0,0,-404,0,0,0,408,0,4,8,8
1349,0x55a7e03101a1,W,0x7fff45b7337c,408,408,408,4,408,408,-408,-408,-400,-404,-400,-404
1351,0x55a7e03101a8,R,0x7fff45b731e4,0,-408,0,-404,0,0,0,0,8,8,12,4
1352,0x55a7e03101a8,W,0x7fff45b731e4,0,-408,0,0,0,0,0,4,8,8,12,8
1354,0x55a7e03101af,R,0x7fff45b731e4,0,0,0,0,0,-404,8,4,8,4,12,4
1357,0x55a7e03101b8,W,0x7fff45b731e8,4,4,4,-404,4,-400,4,4,4,4,0,0
1359,0x55a7e03101c2,W,0x7fff45b731ec,8,4,8,-400,8,8,0,-4,4,0,0,-4
1362,0x55a7e03101ea,R,0x7fff45b731ec,8,0,8,8,8,8,0,-4,-4,0,0,-4
1365,0x55a7e03101ce,R,0x7fff45b731ec,0,0,8,4,8,-400,4,-4,0,0,0,-4
1368,0x55a7e03101d6,R,0x7fff45b731f0,4,4,12,8,12,12,-8,-8,-4,-4,-4,-4
1370,0x55a7e03101dd,R,0x7fff45b731e8,-8,-4,-4,0,4,4,4,0,4,0,24,4
1371,0x55a7e03101dd,W,0x7fff45b731e8,0,-4,-4,0,4,4,4,4,4,0,24,0
1373,0x55a7e03101e3,R,0x7fff45b731ec,4,4,-4,4,0,8,0,0,0,0,-4,-4
1374,0x55a7e03101e3,W,0x7fff45b731ec,0,4,-4,0,0,8,0,-4,20,0,0,-4
1376,0x55a7e03101ea,R,0x7fff45b731ec,0,0,4,0,0,4,0,-4,-4,0,0,-4
1379,0x55a7e03101ce,R,0x7fff45b731ec,0,0,4,4,-4,4,20,-4,0,0,0,-4
1382,0x55a7e03101d6,R,0x7fff45b73200,20,20,20,24,16,20,-24,-24,-20,-20,-20,-20
1384,0x55a7e03101dd,R,0x7fff45b731e8,-24,-4,-4,0,0,-4,4,0,4,0,40,4
1385,0x55a7e03101dd,W,0x7fff45b731e8,0,-4,-4,0,-4,-4,4,4,4,0,40,0
1387,0x55a7e03101e3,R,0x7fff45b731ec,4,4,-20,4,0,0,0,0,0,0,-4,-4
1388,0x55a7e03101e3,W,0x7fff45b731ec,0,4,-20,0,0,0,0,-4,36,0,0,-4
1390,0x55a7e03101ea,R,0x7fff45b731ec,0,0,4,0,0,4,0,-4,-4,0,0,-4
1393,0x55a7e03101ce,R,0x7fff45b731ec,0,0,4,4,-20,4,36,-4,0,0,0,-4
1396,0x55a7e03101d6,R,0x7fff45b73210,36,36,36,40,16,36,-40,-40,-36,-36,-36,-36
1398,0x55a7e03101dd,R,0x7fff45b731e8,-40,-4,-4,0,0,-4,4,0,4,0,56,4
1399,0x55a7e03101dd,W,0x7fff45b731e8,0,-4,-4,0,-4,-4,4,4,4,0,56,0
1401,0x55a7e03101e3,R,0x7fff45b731ec,4,4,-36,4,0,0,0,0,0,0,-4,-4
1402,0x55a7e03101e3,W,0x7fff45b731ec,0,4,-36,0,0,0,0,-4,52,0,0,-4
1404,0x55a7e03101ea,R,0x7fff45b731ec,0,0,4,0,0,4,0,-4,-4,0,0,-4
1407,0x55a7e03101ce,R,0x7fff45b731ec,0,0,4,4,-36,4,52,-4,0,0,0,-4
1410,0x55a7e03101d6,R,0x7fff45b73220,52,52,52,56,16,52,-56,-56,-52,-52,-52,-52
1412,0x55a7e03101dd,R,0x7fff45b731e8,-56,-4,-4,0,0,-4,4,0,4,0,72,4
1413,0x55a7e03101dd,W,0x7fff45b731e8,0,-4,-4,0,-4,-4,4,4,4,0,72,0
1415,0x55a7e03101e3,R,0x7fff45b731ec,4,4,-52,4,0,0,0,0,0,0,-4,-4
1416,0x55a7e03101e3,W,0x7fff45b731ec,0,4,-52,0,0,0,0,-4,68,0,0,-4
1418,0x55a7e03101ea,R,0x7fff45b731ec,0,0,4,0,0,4,0,-4,-4,0,0,-4
1421,0x55a7e03101ce,R,0x7fff45b731ec,0,0,4,4,-52,4,68,-4,0,0,0,-4
1424,0x55a7e03101d6,R,0x7fff45b73230,68,68,68,72,16,68,-72,-72,-68,-68,-68,-68
1426,0x55a7e03101dd,R,0x7fff45b731e8,-72,-4,-4,0,0,-4,4,0,4,0,88,4
1427,0x55a7e03101dd,W,0x7fff45b731e8,0,-4,-4,0,-4,-4,4,4,4,0,88,0
1429,0x55a7e03101e3,R,0x7fff45b731ec,4,4,-68,4,0,0,0,0,0,0,-4,-4
1430,0x55a7e03101e3,W,0x7fff45b731ec,0,4,-68,0,0,0,0,-4,84,0,0,-4
1432,0x55a7e03101ea,R,0x7fff45b731ec,0,0,4,0,0,4,0,-4,-4,0,0,-4
1435,0x55a7e03101ce,R,0x7fff45b731ec,0,0,4,4,-68,4,84,-4,0,0,0,-4
1438,0x55a7e03101d6,R,0x7fff45b73240,84,84,84,88,16,84,-88,-88,-84,-84,-84,-84
1440,0x55a7e03101dd,R,0x7fff45b731e8,-88,-4,-4,0,0,-4,4,0,4,0,104,4
1441,0x55a7e03101dd,W,0x7fff45b731e8,0,-4,-4,0,-4,-4,4,4,4,0,104,0
1443,0x55a7e03101e3,R,0x7fff45b731ec,4,4,-84,4,0,0,0,0,0,0,-4,-4
1444,0x55a7e03101e3,W,0x7fff45b731ec,0,4,-84,0,0,0,0,-4,100,0,0,-4
1446,0x55a7e03101ea,R,0x7fff45b731ec,0,0,4,0,0,4,0,-4,-4,0,0,-4
1449,0x55a7e03101ce,R,0x7fff45b731ec,0,0,4,4,-84,4,100,-4,0,0,0,-4
1452,0x55a7e03101d6,R,0x7fff45b73250,100,100,100,104,16,100,-104,-104,-100,-100,-100,-100
1454,0x55a7e03101dd,R,0x7fff45b731e8,-104,-4,-4,0,0,-4,4,0,4,0,120,4
1455,0x55a7e03101dd,W,0x7fff45b731e8,0,-4,-4,0,-4,-4,4,4,4,0,120,0
1457,0x55a7e03101e3,R,0x7fff45b731ec,4,4,-100,4,0,0,0,0,0,0,-4,-4
1458,0x55a7e03101e3,W,0x7fff45b731ec,0,4,-100,0,0,0,0,-4,116,0,0,-4
1460,0x55a7e03101ea,R,0x7fff45b731ec,0,0,4,0,0,4,0,-4,-4,0,0,-4
1463,0x55a7e03101ce,R,0x7fff45b731ec,0,0,4,4,-100,4,116,-4,0,0,0,-4
1466,0x55a7e03101d6,R,0x7fff45b73260,116,116,116,120,16,116,-120,-120,-116,-116,-116,-116
1468,0x55a7e03101dd,R,0x7fff45b731e8,-120,-4,-4,0,0,-4,4,0,4,0,136,4
1469,0x55a7e03101dd,W,0x7fff45b731e8,0,-4,-4,0,-4,-4,4,4,4,0,136,0
1471,0x55a7e03101e3,R,0x7fff45b731ec,4,4,-116,4,0,0,0,0,0,0,-4,-4
1472,0x55a7e03101e3,W,0x7fff45b731ec,0,4,-116,0,0,0,0,-4,132,0,0,-4
1474,0x55a7e03101ea,R,0x7fff45b731ec,0,0,4,0,0,4,0,-4,-4,0,0,-4
1477,0x55a7e03101ce,R,0x7fff45b731ec,0,0,4,4,-116,4,132,-4,0,0,0,-4
1480,0x55a7e03101d6,R,0x7fff45b73270,132,132,132,136,16,132,-136,-136,-132,-132,-132,-132
1482,0x55a7e03101dd,R,0x7fff45b731e8,-136,-4,-4,0,0,-4,4,0,4,0,152,4
1483,0x55a7e03101dd,W,0x7fff45b731e8,0,-4,-4,0,-4,-4,4,4,4,0,152,0
1485,0x55a7e03101e3,R,0x7fff45b731ec,4,4,-132,4,0,0,0,0,0,0,-4,-4
1486,0x55a7e03101e3,W,0x7fff45b731ec,0,4,-132,0,0,0,0,-4,148,0,0,-4
1488,0x55a7e03101ea,R,0x7fff45b731ec,0,0,4,0,0,4,0,-4,-4,0,0,-4
1491,0x55a7e03101ce,R,0x7fff45b731ec,0,0,4,4,-132,4,148,-4,0,0,0,-4
1494,0x55a7e03101d6,R,0x7fff45b73280,148,148,148,152,16,148,-152,-152,-148,-148,-148,-148
1496,0x55a7e03101dd,R,0x7fff45b731e8,-152,-4,-4,0,0,-4,4,0,4,0,168,4
1497,0x55a7e03101dd,W,0x7fff45b731e8,0,-4,-4,0,-4,-4,4,4,4,0,168,0
1499,0x55a7e03101e3,R,0x7fff45b731ec,4,4,-148,4,0,0,0,0,0,0,-4,-4
1500,0x55a7e03101e3,W,0x7fff45b731ec,0,4,-148,0,0,0,0,-4,164,0,0,-4
1502,0x55a7e03101ea,R,0x7fff45b731ec,0,0,4,0,0,4,0,-4,-4,0,0,-4
1505,0x55a7e03101ce,R,0x7fff45b731ec,0,0,4,4,-148,4,164,-4,0,0,0,-4
1508,0x55a7e03101d6,R,0x7fff45b73290,164,164,164,168,16,164,-168,-168,-164,-164,-164,-164
1510,0x55a7e03101dd,R,0x7fff45b731e8,-168,-4,-4,0,0,-4,4,0,4,0,184,4
1511,0x55a7e03101dd,W,0x7fff45b731e8,0,-4,-4,0,-4,-4,4,4,4,0,184,0
1513,0x55a7e03101e3,R,0x7fff45b731ec,4,4,-164,4,0,0,0,0,0,0,-4,-4
1514,0x55a7e03101e3,W,0x7fff45b731ec,0,4,-164,0,0,0,0,-4,180,0,0,-4
1516,0x55a7e03101ea,R,0x7fff45b731ec,0,0,4,0,0,4,0,-4,-4,0,0,-4
1519,0x55a7e03101ce,R,0x7fff45b731ec,0,0,4,4,-164,4,180,-4,0,0,0,-4
1522,0x55a7e03101d6,R,0x7fff45b732a0,180,180,180,184,16,180,-184,-184,-180,-180,-180,-180
1524,0x55a7e03101dd,R,0x7fff45b731e8,-184,-4,-4,0,0,-4,4,0,4,0,200,4
1525,0x55a7e03101dd,W,0x7fff45b731e8,0,-4,-4,0,-4,-4,4,4,4,0,200,0
1527,0x55a7e03101e3,R,0x7fff45b731ec,4,4,-180,4,0,0,0,0,0,0,-4,-4
1528,0x55a7e03101e3,W,0x7fff45b731ec,0,4,-180,0,0,0,0,-4,196,0,0,-4
1530,0x55a7e03101ea,R,0x7fff45b731ec,0,0,4,0,0,4,0,-4,-4,0,0,-4
1533,0x55a7e03101ce,R,0x7fff45b731ec,0,0,4,4,-180,4,196,-4,0,0,0,-4
1536,0x55a7e03101d6,R,0x7fff45b732b0,196,196,196,200,16,196,-200,-200,-196,-196,-196,-196
1538,0x55a7e03101dd,R,0x7fff45b731e8,-200,-4,-4,0,0,-4,4,0,4,0,216,4
1539,0x55a7e03101dd,W,0x7fff45b731e8,0,-4,-4,0,-4,-4,4,4,4,0,216,0
1541,0x55a7e03101e3,R,0x7fff45b731ec,4,4,-196,4,0,0,0,0,0,0,-4,-4
1542,0x55a7e03101e3,W,0x7fff45b731ec,0,4,-196,0,0,0,0,-4,212,0,0,-4
1544,0x55a7e03101ea,R,0x7fff45b731ec,0,0,4,0,0,4,0,-4,-4,0,0,-4
1547,0x55a7e03101ce,R,0x7fff45b731ec,0,0,4,4,-196,4,212,-4,0,0,0,-4
1550,0x55a7e03101d6,R,0x7fff45b732c0,212,212,212,216,16,212,-216,-216,-212,-212,-212,-212
1552,0x55a7e03101dd,R,0x7fff45b731e8,-216,-4,-4,0,0,-4,4,0,4,0,232,4
1553,0x55a7e03101dd,W,0x7fff45b731e8,0,-4,-4,0,-4,-4,4,4,4,0,232,0
1555,0x55a7e03101e3,R,0x7fff45b731ec,4,4,-212,4,0,0,0,0,0,0,-4,-4
1556,0x55a7e03101e3,W,0x7fff45b731ec,0,4,-212,0,0,0,0,-4,228,0,0,-4
1558,0x55a7e03101ea,R,0x7fff45b731ec,0,0,4,0,0,4,0,-4,-4,0,0,-4
1561,0x55a7e03101ce,R,0x7fff45b731ec,0,0,4,4,-212,4,228,-4,0,0,0,-4
1564,0x55a7e03101d6,R,0x7fff45b732d0,228,228,228,232,16,228,-232,-232,-228,-228,-228,-228
1566,0x55a7e03101dd,R,0x7fff45b731e8,-232,-4,-4,0,0,-4,4,0,4,0,248,4
1567,0x55a7e03101dd,W,0x7fff45b731e8,0,-4,-4,0,-4,-4,4,4,4,0,248,0
1569,0x55a7e03101e3,R,0x7fff45b731ec,4,4,-228,4,0,0,0,0,0,0,-4,-4
1570,0x55a7e03101e3,W,0x7fff45b731ec,0,4,-228,0,0,0,0,-4,244,0,0,-4
1572,0x55a7e03101ea,R,0x7fff45b731ec,0,0,4,0,0,4,0,-4,-4,0,0,-4
1575,0x55a7e03101ce,R,0x7fff45b731ec,0,0,4,4,-228,4,244,-4,0,0,0,-4
1578,0x55a7e03101d6,R,0x7fff45b732e0,244,244,244,248,16,244,-248,-248,-244,-244,-244,-244
1580,0x55a7e03101dd,R,0x7fff45b731e8,-248,-4,-4,0,0,-4,4,0,4,0,264,4
1581,0x55a7e03101dd,W,0x7fff45b731e8,0,-4,-4,0,-4,-4,4,4,4,0,264,0
1583,0x55a7e03101e3,R,0x7fff45b731ec,4,4,-244,4,0,0,0,0,0,0,-4,-4
1584,0x55a7e03101e3,W,0x7fff45b731ec,0,4,-244,0,0,0,0,-4,260,0,0,-4
1586,0x55a7e03101ea,R,0x7fff45b731ec,0,0,4,0,0,4,0,-4,-4,0,0,-4
1589,0x55a7e03101ce,R,0x7fff45b731ec,0,0,4,4,-244,4,260,-4,0,0,0,-4
1592,0x55a7e03101d6,R,0x7fff45b732f0,260,260,260,264,16,260,-264,-264,-260,-260,-260,-260
1594,0x55a7e03101dd,R,0x7fff45b731e8,-264,-4,-4,0,0,-4,4,0,4,0,280,4
1595,0x55a7e03101dd,W,0x7fff45b731e8,0,-4,-4,0,-4,-4,4,4,4,0,280,0
1597,0x55a7e03101e3,R,0x7fff45b731ec,4,4,-260,4,0,0,0,0,0,0,-4,-4
1598,0x55a7e03101e3,W,0x7fff45b731ec,0,4,-260,0,0,0,0,-4,276,0,0,-4
1600,0x55a7e03101ea,R,0x7fff45b731ec,0,0,4,0,0,4,0,-4,-4,0,0,-4
1603,0x55a7e03101ce,R,0x7fff45b731ec,0,0,4,4,-260,4,276,-4,0,0,0,-4
1606,0x55a7e03101d6,R,0x7fff45b73300,276,276,276,280,16,276,-280,-280,-276,-276,-276,-276
1608,0x55a7e03101dd,R,0x7fff45b731e8,-280,-4,-4,0,0,-4,4,0,4,0,296,4
1609,0x55a7e03101dd,W,0x7fff45b731e8,0,-4,-4,0,-4,-4,4,4,4,0,296,0
1611,0x55a7e03101e3,R,0x7fff45b731ec,4,4,-276,4,0,0,0,0,0,0,-4,-4
1612,0x55a7e03101e3,W,0x7fff45b731ec,0,4,-276,0,0,0,0,-4,292,0,0,-4
1614,0x55a7e03101ea,R,0x7fff45b731ec,0,0,4,0,0,4,0,-4,-4,0,0,-4
1617,0x55a7e03101ce,R,0x7fff45b731ec,0,0,4,4,-276,4,292,-4,0,0,0,-4
1620,0x55a7e03101d6,R,0x7fff45b73310,292,292,292,296,16,292,-296,-296,-292,-292,-292,-292
1622,0x55a7e03101dd,R,0x7fff45b731e8,-296,-4,-4,0,0,-4,4,0,4,0,312,4
1623,0x55a7e03101dd,W,0x7fff45b731e8,0,-4,-4,0,-4,-4,4,4,4,0,312,0
1625,0x55a7e03101e3,R,0x7fff45b731ec,4,4,-292,4,0,0,0,0,0,0,-4,-4
1626,0x55a7e03101e3,W,0x7fff45b731ec,0,4,-292,0,0,0,0,-4,308,0,0,-4
1628,0x55a7e03101ea,R,0x7fff45b731ec,0,0,4,0,0,4,0,-4,-4,0,0,-4
1631,0x55a7e03101ce,R,0x7fff45b731ec,0,0,4,4,-292,4,308,-4,0,0,0,-4
1634,0x55a7e03101d6,R,0x7fff45b73320,308,308,308,312,16,308,-312,-312,-308,-308,-308,-308
1636,0x55a7e03101dd,R,0x7fff45b731e8,-312,-4,-4,0,0,-4,4,0,4,0,328,4
1637,0x55a7e03101dd,W,0x7fff45b731e8,0,-4,-4,0,-4,-4,4,4,4,0,328,0
1639,0x55a7e03101e3,R,0x7fff45b731ec,4,4,-308,4,0,0,0,0,0,0,-4,-4
1640,0x55a7e03101e3,W,0x7fff45b731ec,0,4,-308,0,0,0,0,-4,324,0,0,-4
1642,0x55a7e03101ea,R,0x7fff45b731ec,0,0,4,0,0,4,0,-4,-4,0,0,-4
1645,0x55a7e03101ce,R,0x7fff45b731ec,0,0,4,4,-308,4,324,-4,0,0,0,-4
1648,0x55a7e03101d6,R,0x7fff45b73330,324,324,324,328,16,324,-328,-328,-324,-324,-324,-324
1650,0x55a7e03101dd,R,0x7fff45b731e8,-328,-4,-4,0,0,-4,4,0,4,0,344,4
1651,0x55a7e03101dd,W,0x7fff45b731e8,0,-4,-4,0,-4,-4,4,4,4,0,344,0
1653,0x55a7e03101e3,R,0x7fff45b731ec,4,4,-324,4,0,0,0,0,0,0,-4,-4
1654,0x55a7e03101e3,W,0x7fff45b731ec,0,4,-324,0,0,0,0,-4,340,0,0,-4
1656,0x55a7e03101ea,R,0x7fff45b731ec,0,0,4,0,0,4,0,-4,-4,0,0,-4
1659,0x55a7e03101ce,R,0x7fff45b731ec,0,0,4,4,-324,4,340,-4,0,0,0,-4
1662,0x55a7e03101d6,R,0x7fff45b73340,340,340,340,344,16,340,-344,-344,-340,-340,-340,-340
1664,0x55a7e03101dd,R,0x7fff45b731e8,-344,-4,-4,0,0,-4,4,0,4,0,360,4
1665,0x55a7e03101dd,W,0x7fff45b731e8,0,-4,-4,0,-4,-4,4,4,4,0,360,0
1667,0x55a7e03101e3,R,0x7fff45b731ec,4,4,-340,4,0,0,0,0,0,0,-4,-4
1668,0x55a7e03101e3,W,0x7fff45b731ec,0,4,-340,0,0,0,0,-4,356,0,0,-4
1670,0x55a7e03101ea,R,0x7fff45b731ec,0,0,4,0,0,4,0,-4,-4,0,0,-4
1673,0x55a7e03101ce,R,0x7fff45b731ec,0,0,4,4,-340,4,356,-4,0,0,0,-4
1676,0x55a7e03101d6,R,0x7fff45b73350,356,356,356,360,16,356,-360,-360,-356,-356,-356,-356
1678,0x55a7e03101dd,R,0x7fff45b731e8,-360,-4,-4,0,0,-4,4,0,4,0,376,4
1679,0x55a7e03101dd,W,0x7fff45b731e8,0,-4,-4,0,-4,-4,4,4,4,0,376,0
1681,0x55a7e03101e3,R,0x7fff45b731ec,4,4,-356,4,0,0,0,0,0,0,-4,-4
1682,0x55a7e03101e3,W,0x7fff45b731ec,0,4,-356,0,0,0,0,-4,372,0,0,-4
1684,0x55a7e03101ea,R,0x7fff45b731ec,0,0,4,0,0,4,0,-4,-4,0,0,-4
1687,0x55a7e03101ce,R,0x7fff45b731ec,0,0,4,4,-356,4,372,-4,0,0,0,-4
1690,0x55a7e03101d6,R,0x7fff45b73360,372,372,372,376,16,372,-376,-376,-372,-372,-372,-372
1692,0x55a7e03101dd,R,0x7fff45b731e8,-376,-4,-4,0,0,-4,4,0,4,0,392,4
1693,0x55a7e03101dd,W,0x7fff45b731e8,0,-4,-4,0,-4,-4,4,4,4,0,392,-16
1695,0x55a7e03101e3,R,0x7fff45b731ec,4,4,-372,4,0,0,0,0,0,0,-4,-20
1696,0x55a7e03101e3,W,0x7fff45b731ec,0,4,-372,0,0,0,0,-4,388,0,0,-20
1698,0x55a7e03101ea,R,0x7fff45b731ec,0,0,4,0,0,4,0,-4,-4,0,0,-20
1701,0x55a7e03101ce,R,0x7fff45b731ec,0,0,4,4,-372,4,388,-4,0,0,-4,-20
1704,0x55a7e03101d6,R,0x7fff45b73370,388,388,388,392,16,388,-392,-392,-388,-388,-392,-224
1706,0x55a7e03101dd,R,0x7fff45b731e8,-392,-4,-4,0,0,-4,4,0,4,-16,-46554853802520,168
1707,0x55a7e03101dd,W,0x7fff45b731e8,0,-4,-4,0,-4,-4,4,4,0,-16,-46554853802520,160
1709,0x55a7e03101e3,R,0x7fff45b731ec,4,4,-388,4,0,0,0,0,-4,164,412,156
1710,0x55a7e03101e3,W,0x7fff45b731ec,0,4,-388,0,0,0,0,-20,-46554853802524,164,-956277443204,156
1712,0x55a7e03101ea,R,0x7fff45b731ec,0,0,4,0,0,4,-4,-20,412,164,-956277443204,156
1715,0x55a7e03101f3,R,0x7fff45b731e8,-4,-4,0,0,-392,0,-46554853802520,-16,416,160,424,160
1721,0x55a7e031020a,W,0x7fff45b731d8,-16,-20,-20,-16,-408,-20,-46554853802504,184,-956277443184,176,448,176
1724,0x55a7e0310074,R,0x55a7e0312fd0,-46554853802520,-46554853802504,-46554853802524,-46554853802520,-46554853802520,-46554853802524,46554853802936,46554853802688,46554853802944,46554853802680,64,46554853802680
1727,0x55a7e0310214,R,0x7fff45b73388,46554853802936,432,412,412,412,412,-956277443616,-248,16,-256,-46554853802896,-256
1729,0x55a7e0310218,R,0x7f209f236768,-956277443616,-956277443184,-956277443200,-956277443204,-956277443204,-956277443200,956277443624,956277443368,-45598576359256,956277443360,-45598576359264,956277443360
1732,0x55a7e0310228,R,0x7fff45b73390,956277443624,440,46554853802944,420,420,424,8,-256,-46554853802904,-264,-46554853802904,-264
1734,0x55a7e0310229,R,0x7fff45b73398,8,448,16,428,432,432,-46554853802888,-264,-46554853802896,-272,-46554853802912,-46554853802888
1737,0x55a7e0310124,R,0x55a7e0313010,-46554853802888,-46554853802440,-45598576359256,-46554853802460,64,-46554853802456,-24,46554853802624,-8,46554853802616,46554853802616,0
1740,0x55a7e031012d,W,0x7fff45b73290,46554853802624,184,-256,164,-248,168,-46554853802648,-8,-46554853802648,-8,0,-46554853802624
1742,0x55a7e031012e,R,0x55a7e0312ff8,-24,-46554853802648,-46554853802912,-46554853802484,-45598576359280,-46554853802480,16,46554853802640,46554853802640,46554853802640,46554853802648,46554853802640
1746,0x55a7e031013b,R,0x55a7e0313008,16,-46554853802632,-46554853802896,-46554853802448,-46554853802888,-46554853802464,-16,46554853802624,46554853802624,8,46554853802640,46554853802624
1748,0x55a7e0310142,W,0x7fff45b73288,46554853802624,-8,46554853802616,176,-264,156,-46554853802640,0,8,-46554853802616,16,-46554853802616
1751,0x55a7e0310054,R,0x55a7e0312ff8,-16,-46554853802640,0,-46554853802464,-46554853802912,-46554853802484,46554853802640,46554853802640,46554853802648,24,46554853802656,24
1753,0x55a7e0310147,W,0x7fff45b73288,46554853802640,0,46554853802640,-8,46554853802616,156,0,-46554853802616,16,-46554853802616,16,
1759,0x55a7e03100d8,R,0x7fff45b73288,46554853802640,0,46554853802624,-8,46554853802616,176,8,-46554853802616,16,,16,
1761,0x55a7e031014c,W,0x55a7e0313010,-46554853802616,-46554853802616,8,-46554853802616,24,-46554853802440,46554853802624,,46554853802632,,46554853802632,
1763,0x55a7e0310153,R,0x7fff45b73290,8,46554853802624,46554853802648,8,46554853802648,0,8,,8,,,
1765,0x55a7e0310154,R,0x7fff45b73298,8,46554853802632,46554853802656,16,46554853802640,8,0,,,,,
1770,0x55a7e0310238,R,0x7fff45b73298,0,46554853802632,16,16,46554853802640,16,,,,,,
