Delta_with_1_last_read_mean,Delta_with_1_last_read_std,Delta_with_1_last_read_median,Delta_with_1_last_read_unique,Delta_with_1_last_read_zeros_frac,Delta_with_1_last_read_entropy,Delta_with_1_last_read_mode,Delta_with_1_last_read_mode_count,Delta_with_1_last_read_ac_first_peak,Delta_with_1_last_read_fft_dom_bin,Delta_with_1_last_read_fft_dom_power,Delta_with_1_last_write_mean,Delta_with_1_last_write_std,Delta_with_1_last_write_median,Delta_with_1_last_write_unique,Delta_with_1_last_write_zeros_frac,Delta_with_1_last_write_entropy,Delta_with_1_last_write_mode,Delta_with_1_last_write_mode_count,Delta_with_1_last_write_ac_first_peak,Delta_with_1_last_write_fft_dom_bin,Delta_with_1_last_write_fft_dom_power,start,length,Target
1.713332357406821,12.92140033909619,0.0,52,0.11,2.9586008138802,0.0,11,5,22,257.0212139332291,-2.587266094759604,7.672161603126449,-2.19722457733622,35,0.14,3.1197371915561365,-2.19722457733622,18,5,37,145.71974203502242,0,100,1
-0.1773717832455977,2.609137254409688,0.0,18,0.17,2.4566105279715416,0.0,17,5,26,64.61598602684238,-0.8451470355117285,2.770461678865036,-1.6094379124341005,16,0.23,2.46183726577869,0.0,23,31,26,87.69292930455778,50,100,1
-0.2910906555351637,2.496552942424321,0.0,14,0.18,2.349569500694229,0.0,18,5,39,76.19445067748772,-0.8186824091884205,2.690208945244482,-1.6094379124341005,13,0.24,2.269124492920279,-1.6094379124341005,26,31,26,85.30438117813333,100,100,1
-0.2342084021255348,2.452622965073868,0.0,14,0.21,2.3433586415827983,0.0,21,5,39,68.76278914670571,-0.861100564279977,2.666251609237513,-1.6094379124341005,13,0.22,2.227887387823407,-1.6094379124341005,27,31,26,86.62733332893934,150,100,1
-0.3665342981775289,2.5503090590316275,0.0,15,0.19,2.373721453423401,0.0,19,15,39,72.44407903435634,-0.7854017376593795,2.945104626547406,-1.6094379124341005,15,0.22,2.303538287035615,-1.6094379124341005,25,31,26,99.84135143302476,200,100,1
-0.2637747136444009,2.4919538674781148,0.0,14,0.19,2.330216559621043,0.0,19,5,39,77.86136792465656,-0.8699023162225061,2.678819762439385,-1.6094379124341005,13,0.23,2.2652615906655127,-1.6094379124341005,25,31,26,83.77470343396875,250,100,1
-0.2973725221203719,2.4801321574395248,0.0,14,0.2,2.3222514402416587,0.0,20,16,39,74.97776610365676,-0.9166631208872208,2.664252291290186,-1.6094379124341005,13,0.22,2.229325456331452,-1.6094379124341005,27,31,26,85.1924199107775,300,100,1
-0.34767858792825,2.551907322864834,0.0,15,0.18,2.392679096837576,0.0,18,5,39,79.25940937411534,-0.7873720380912532,2.8495423668191706,-1.6094379124341005,15,0.23,2.309194434378753,-1.6094379124341005,26,31,26,93.16649831633252,350,100,1
-0.2568566651895592,2.4637449643337144,0.0,14,0.2,2.338604570978056,0.0,20,16,39,68.3760343411185,-0.8602418952000344,2.6672371505986407,-1.6094379124341005,13,0.23,2.2519532780046574,-1.6094379124341005,25,31,26,88.53789924278085,400,100,1
-0.3337028160678211,2.459045929835609,0.0,14,0.2,2.332540056242717,0.0,20,5,39,80.53677388475354,-0.8246547535016289,2.7680396247692927,-1.6094379124341005,14,0.22,2.24277704484291,-1.6094379124341005,26,31,26,95.2075708811508,450,100,1
-0.2968203058761734,2.451886780094692,0.0,15,0.2,2.3222514402416587,0.0,20,11,26,59.79547535478708,-0.874561854339514,2.6624487958376526,-1.6094379124341005,14,0.22,2.24277704484291,-1.6094379124341005,26,31,26,79.5641924366034,500,100,1
-0.2441740430756735,2.4660617503275186,0.0,15,0.2,2.323798831469748,0.0,20,16,26,67.07020181664427,-0.8528175320830421,2.658646101337589,-1.6094379124341005,14,0.23,2.2519532780046574,-1.6094379124341005,26,31,26,88.80677703300933,550,100,1
-0.2529776415410933,2.4815755630484606,0.0,14,0.19,2.340999144302045,0.0,19,5,39,76.8883708233925,-0.8567887713263518,2.66085860757518,-1.6094379124341005,13,0.23,2.2519532780046574,-1.6094379124341005,26,31,26,82.46228990324504,600,100,1
-0.2961211438779412,2.476767319490645,0.0,14,0.2,2.3222514402416587,0.0,20,16,39,74.94176823352525,-0.9018153919109396,2.6546640567815385,-1.6094379124341005,13,0.23,2.2385016894932,-1.6094379124341005,26,31,26,84.66792225826262,650,100,1
-0.3299061438612611,2.544607509008263,0.0,15,0.19,2.388131895272699,0.0,19,15,39,79.5706274150514,-0.7032045582936179,2.938720677064565,-1.6094379124341005,15,0.23,2.333534362860733,-1.6094379124341005,25,31,26,95.5925327446175,700,100,1
-0.271685264093932,2.463840748879735,0.0,14,0.19,2.345022299129352,0.0,19,16,39,69.82300728264845,-0.8775972171866558,2.65655580675122,-1.6094379124341005,13,0.22,2.24277704484291,-1.6094379124341005,26,31,26,86.94858665337523,750,100,1
-0.358076742482763,2.4653854452040034,0.0,14,0.19,2.326085770128611,0.0,19,5,39,78.29129356095858,-0.926115421830772,2.652868742488233,-1.6094379124341005,13,0.22,2.229325456331452,-1.6094379124341005,26,31,26,84.96345333684266,800,100,1
-0.219852212330932,2.4821146989036578,0.0,14,0.19,2.3460721106727536,0.0,19,5,39,74.90346738672837,-0.8111821970323699,2.680335265495818,-1.6094379124341005,13,0.23,2.2876791486990413,-1.6094379124341005,25,31,26,86.06479107691747,850,100,1
-0.2534332307448549,2.470804518959073,0.0,14,0.2,2.338604570978056,0.0,20,16,39,72.15092143379863,-0.8884048879160678,2.639198815073068,-1.6094379124341005,13,0.23,2.2248498455511925,-1.6094379124341005,27,31,26,84.87443013767681,900,100,1
-0.4254839228793016,2.528885756794854,0.0,15,0.19,2.3710418105984763,0.0,19,5,39,76.749507243668,-0.7890719994022996,2.918005355694708,-1.6094379124341005,15,0.22,2.303538287035615,-1.6094379124341005,25,31,26,99.09412310621744,950,100,1
-0.2805883159276748,2.4620812903838463,0.0,15,0.2,2.305839391504261,0.0,20,5,26,57.41352748848402,-0.8603412739250578,2.647539914269964,-1.6094379124341005,14,0.23,2.2519532780046574,-1.6094379124341005,25,31,26,75.96702846328841,1000,100,1
-0.2359181445221742,2.455033552500256,0.0,15,0.2,2.323798831469748,0.0,20,5,39,72.40124804277396,-0.8444895681334121,2.6360465731290925,-1.6094379124341005,14,0.23,2.3751435367785425,-1.6094379124341005,26,31,26,86.23501476289256,1050,100,1
-0.2264192234272918,2.464711728765624,0.0,14,0.19,2.3460721106727536,0.0,19,5,39,74.02673305523825,-0.8408468692168626,2.6539574927162417,-1.6094379124341005,13,0.22,2.420521856770366,-1.6094379124341005,26,31,26,84.34137621698002,1100,100,1
-0.3043270510798156,2.4778543288823025,0.0,14,0.19,2.328669168392954,0.0,19,5,39,76.70926551896773,-0.9054700397808334,2.640510645644232,-1.6094379124341005,13,0.23,2.4046627184337925,-1.6094379124341005,26,31,26,84.7872757324931,1150,100,1
-0.2709320602525741,2.4822959500687287,0.0,14,0.19,2.345022299129352,0.0,19,5,39,77.72591642457837,-0.8286087974090619,2.6598076368394503,-1.6094379124341005,13,0.24,2.427316398207426,-1.6094379124341005,25,31,26,84.96997280803096,1200,100,1
-0.2605576526917991,2.457280375281188,0.0,14,0.2,2.338604570978056,0.0,20,5,39,71.27350965826976,-0.8736535759757245,2.6385110971545567,-1.6094379124341005,13,0.22,2.395486485272045,-1.6094379124341005,27,31,26,86.09875530554629,1250,100,1
-0.3610407550160442,2.5361338728681697,0.0,15,0.19,2.373721453423401,0.0,19,15,39,72.35066860569168,-0.7908737747135797,2.9047350725553964,-1.6094379124341005,15,0.22,2.461730192322762,-1.6094379124341005,25,31,26,98.7273087698914,1300,100,1
-0.2918189184845062,2.456273322565388,0.0,14,0.2,2.3346424670652497,0.0,20,5,39,75.418591259596,-0.8960027944691303,2.647027418753857,-1.6094379124341005,13,0.22,2.4225899177255097,-1.6094379124341005,25,31,26,81.3221276406022,1350,100,1
-0.3092893150971614,2.472240999475754,0.0,14,0.19,2.328669168392954,0.0,19,5,39,76.42080594852526,-0.9208241250017468,2.630194393137033,-1.6094379124341005,13,0.22,2.38855891121163,-1.6094379124341005,27,31,26,84.31018204270399,1400,100,1
-0.3259805443084728,2.5548299166891337,0.0,15,0.18,2.379873486126124,0.0,18,31,39,79.8637510939556,-0.859890711626943,2.705800712131102,-1.6094379124341005,14,0.24,2.4362823677294965,-1.6094379124341005,26,31,26,85.69316000088644,1450,100,1
-0.2908190290013119,2.444193270569476,0.0,15,0.2,2.3222514402416587,0.0,20,5,26,54.4866566218118,-0.8623399548096189,2.631286763726471,-1.6094379124341005,14,0.23,2.4046627184337925,-1.6094379124341005,25,31,26,77.55360130674678,1500,100,1
-0.1940589455200517,2.37340101535564,0.0,14,0.2,2.2880950163966447,0.0,20,5,39,63.9389181940062,-0.8102226981917419,2.562105669527475,-1.6094379124341005,13,0.23,2.36369106650177,-1.6094379124341005,26,31,26,76.90678313595262,1550,100,1
-0.2287003857440795,2.437581720855491,0.0,14,0.21,2.3433586415827983,0.0,21,5,39,68.5944454581983,-0.8665866224984073,2.621427925775478,-1.6094379124341005,13,0.22,2.373529976952913,-1.6094379124341005,27,31,26,85.46254268123363,1600,100,1
-0.3591458465647431,2.5312923345297222,0.0,15,0.19,2.373721453423401,0.0,19,15,39,72.31901229656441,-0.7927605558331653,2.890862495199313,-1.6094379124341005,15,0.22,2.461730192322762,-1.6094379124341005,25,31,26,98.34319508159234,1650,100,1
-0.2581997522126042,2.4770647338022944,0.0,14,0.19,2.330216559621043,0.0,19,5,39,77.78131582791585,-0.8754547820384895,2.633723014975545,-1.6094379124341005,13,0.23,2.431422619606105,-1.6094379124341005,25,31,26,82.59325412550756,1700,100,1
-0.2917520165306009,2.4651441885267227,0.0,14,0.2,2.557384524448102,0.0,20,5,39,74.8172100786368,-0.9222607614894858,2.6184846468825502,-1.6094379124341005,13,0.22,2.38855891121163,-1.6094379124341005,27,31,26,84.00559724974347,1750,100,1
-0.3401383047120386,2.532514932980222,0.0,15,0.18,2.6198369716472616,0.0,18,5,39,79.06540495577558,-0.7929925436810242,2.797630005340832,-1.6094379124341005,15,0.23,2.454837023508259,-1.6094379124341005,26,31,26,91.7175887294162,1800,100,1
-0.2511664265448965,2.448403411224743,0.0,14,0.2,2.5519020595900512,0.0,20,16,39,68.25961491141216,-0.865908697453447,2.621153584914988,-1.6094379124341005,13,0.23,2.4046627184337925,-1.6094379124341005,25,31,26,87.33547807892782,1850,100,1
-0.3279651164364109,2.443746204731579,0.0,14,0.2,2.5491184846702684,0.0,20,5,39,80.331563069131,-0.832257536446598,2.718063642742196,-1.6094379124341005,14,0.22,2.400968950130057,-1.6094379124341005,26,31,26,93.81552037645024,1900,100,1
-0.2619106042619211,2.452044442750576,0.0,14,0.19,2.5656915558044298,0.0,19,5,39,75.6837853878739,-0.862183933005682,2.6170154949343973,-1.6094379124341005,13,0.23,2.410145183291805,-1.6094379124341005,26,31,26,81.31459309263259,1950,100,1
-0.2383636439611457,2.450429493912701,0.0,15,0.2,2.5370963200817425,0.0,20,16,39,63.73544179370468,-0.858603493566084,2.611585044451713,-1.6094379124341005,14,0.23,2.4046627184337925,-1.6094379124341005,26,31,26,79.40636706725103,2000,100,1
-0.2762905692644469,2.450627053977666,0.0,15,0.2,2.522417819931812,0.0,20,23,26,61.71239834569056,-0.880714791406122,2.61238502915574,-1.6094379124341005,14,0.22,2.395486485272045,-1.6094379124341005,26,4,26,76.24003366475539,2050,100,1
-0.2902361733577109,2.461157384914978,0.0,14,0.2,2.557384524448102,0.0,20,5,39,74.77440408984371,-0.9076752928465732,2.606898978556248,-1.6094379124341005,13,0.23,2.397735144373378,-1.6094379124341005,26,31,26,83.42373198865104,2100,100,1
-0.322008750155662,2.524323317530604,0.0,15,0.19,2.6152897700823847,0.0,19,5,39,79.38049495837703,-0.7110680911298437,2.881360900477444,-1.6094379124341005,15,0.23,2.479176951990239,-1.6094379124341005,25,31,26,93.9990012322394,2150,100,1
-0.2657237767623674,2.447915657727806,0.0,14,0.19,2.5583197877413464,0.0,19,16,39,69.70677835385597,-0.8835329780641722,2.6083448657881045,-1.6094379124341005,13,0.22,2.395486485272045,-1.6094379124341005,26,31,26,85.69021430745967,2200,100,1
-0.3520631251126226,2.449564253404842,0.0,14,0.19,2.545824828822897,0.0,19,5,39,78.08519037814581,-0.9321028603374748,2.604113675385664,-1.6094379124341005,13,0.22,2.3954864852720448,-1.6094379124341005,26,31,26,83.70027332161462,2250,100,1
-0.2138121853892013,2.4660037948725995,0.0,14,0.19,2.55595878266683,0.0,19,5,39,74.85685170266723,-0.8171958144025102,2.6321687026560547,-1.6094379124341005,13,0.23,2.4458710539861883,-1.6094379124341005,25,31,26,84.78510003559624,2300,100,1
-0.2473396801857549,2.454580758445703,0.0,14,0.2,2.569829258881894,0.0,20,16,39,71.956366655851,-0.8944715582112167,2.5897126071416223,-1.6094379124341005,13,0.23,2.377559285980328,-1.6094379124341005,27,31,26,83.58795260214644,2350,100,1
-0.4173047314187008,2.508169022340482,0.0,15,0.19,2.60617489480492,0.0,19,5,39,76.57470788383674,-0.797214867431266,2.858210672040413,-1.6094379124341005,15,0.22,2.461730192322762,-1.6094379124341005,25,31,26,97.436407384787,2400,100,1
-0.2367041920291454,2.442390913081071,0.0,14,0.2,2.5455789506027284,0.0,20,5,39,74.83459247201289,-0.8525080203534374,2.6096805962400045,-1.6094379124341005,13,0.22,2.420521856770366,-1.6094379124341005,25,31,26,83.56126562923156,2450,100,1
-0.2296865254693061,2.43834615513502,0.0,15,0.2,2.5370963200817425,0.0,20,5,39,74.68659160350191,-0.8506930734242425,2.585637887851622,-1.6094379124341005,14,0.23,2.3751435367785425,-1.6094379124341005,26,31,26,77.62330638860192,2500,100,1
-0.2578677126476434,2.451539712218656,0.0,15,0.19,2.534403961225004,0.0,19,16,26,63.6641638889688,-0.8610597764573995,2.5917347607570584,-1.6094379124341005,14,0.23,2.4046627184337925,-1.6094379124341005,26,31,26,76.57826966341867,2550,100,1
-0.2980095350103377,2.461303747832463,0.0,14,0.19,2.545247596820505,0.0,19,5,39,76.5279006756696,-0.9117586606393976,2.589443040932206,-1.6094379124341005,13,0.23,2.4046627184337925,-1.6094379124341005,26,31,26,83.45651154707237,2600,100,1
-0.2645853812104711,2.4656245638341834,0.0,14,0.19,2.576246987033189,0.0,19,5,39,77.7106467336276,-0.8349263134785396,2.6091020742410205,-1.6094379124341005,13,0.24,2.427316398207426,-1.6094379124341005,25,31,26,83.62591836183476,2650,100,1
-0.2541518293356317,2.440277737564984,0.0,14,0.2,2.569829258881894,0.0,20,5,39,71.06878002864637,-0.8800296895053993,2.58686672885426,-1.6094379124341005,13,0.22,2.395486485272045,-1.6094379124341005,27,16,26,84.74597636546856,2700,100,1
-0.3524394269017489,2.5143577068407383,0.0,15,0.19,2.587018942035396,0.0,19,15,39,72.20928390470203,-0.7994349277175811,2.8419896149459087,-1.6094379124341005,15,0.22,2.461730192322762,-1.6094379124341005,25,31,26,96.98447312369083,2750,100,1
-0.2853222742788723,2.439142440649257,0.0,14,0.2,2.5479399556772444,0.0,20,5,39,75.31200831344617,-0.9024688791547704,2.5948682031538155,-1.6094379124341005,13,0.22,2.4225899177255097,-1.6094379124341005,25,31,26,79.9461425609708,2800,100,1
-0.3027306735179956,2.455130608327665,0.0,14,0.19,2.5638022525993973,0.0,19,5,39,76.23335636569264,-0.9273516201039318,2.5772000129897474,-1.6094379124341005,13,0.22,2.38855891121163,-1.6094379124341005,27,31,26,82.92635141244054,2850,100,1
-0.3171725252642801,2.532653400654144,0.0,15,0.18,2.607031360935809,0.0,18,5,39,79.62870804591695,-0.8642421080017662,2.6493779209976047,-1.6094379124341005,14,0.24,2.4362823677294965,-1.6094379124341005,26,31,26,84.20461577935647,2900,100,1
-0.2764198556476177,2.4122918023831463,0.0,14,0.21,2.555051299056948,0.0,21,5,39,66.82506477995838,-0.8871692633704393,2.5790334573477125,-1.6094379124341005,13,0.22,2.659087879552656,-1.6094379124341005,26,31,26,85.42175896322686,2950,100,1
-0.1895906063756939,2.36109455979971,0.0,14,0.2,2.504673444824196,0.0,20,5,39,66.00521160977414,-0.8190838411632505,2.512247932229279,-1.6094379124341005,13,0.23,2.627292460782349,-1.6094379124341005,26,31,26,75.19708228713934,3000,100,1
-0.2296936877478185,2.4340295404762164,0.0,15,0.2,2.5370963200817425,0.0,20,5,26,60.128612485566,-0.8550981130676152,2.565710758416626,-1.6094379124341005,14,0.23,2.653709996418575,-1.6094379124341005,26,31,26,77.62823084649608,3050,100,1
-0.350076238451415,2.5084656318313234,0.0,15,0.19,2.587018942035396,0.0,19,15,39,72.17147087369192,-0.8017854874801045,2.824854261727038,-1.6094379124341005,15,0.22,2.6991705614028585,-1.6094379124341005,25,31,26,96.50598474717876,3100,100,1
-0.2513467555619224,2.459198769702114,0.0,14,0.19,2.5435140482330376,0.0,19,5,39,77.68697543361158,-0.8822737686659543,2.5788800838710544,-1.6094379124341005,13,0.23,2.660893865032718,-1.6094379124341005,25,31,26,81.14231521442802,3150,100,1
-0.2848299672436958,2.447132926411395,0.0,14,0.2,2.557384524448102,0.0,20,5,39,74.62344750813497,-0.9291481106194616,2.5627115024584834,-1.6094379124341005,13,0.22,2.638799675186418,-1.6094379124341005,27,31,26,82.54553180645854,3200,100,1
-0.3308384801100885,2.509139956935339,0.0,15,0.18,2.6198369716472616,0.0,18,5,39,78.83146029838039,-0.7999145929679292,2.734250965927528,-1.6094379124341005,15,0.23,2.697642840131859,-1.6094379124341005,26,31,26,89.93276865675179,3250,100,1
-0.2441381368815839,2.4299153973883683,0.0,14,0.2,2.5519020595900512,0.0,20,5,39,68.12057469625168,-0.8729012115119532,2.564856350727444,-1.6094379124341005,13,0.23,2.660893865032718,-1.6094379124341005,25,31,26,85.85192184229956,3300,100,1
-0.320864160786297,2.4252854537706083,0.0,14,0.2,2.5491184846702684,0.0,20,5,39,80.08120537280755,-0.84165276895817,2.656842731750356,-1.6094379124341005,14,0.22,2.659087879552656,-1.6094379124341005,26,31,26,92.09530637680771,3350,100,1
-0.2547727465358065,2.433372136796431,0.0,14,0.19,2.5656915558044298,0.0,19,5,39,75.59357159897472,-0.8692848886557958,2.559881862712091,-1.6094379124341005,13,0.23,2.654612268772392,-1.6094379124341005,26,31,26,79.80403500453676,3400,100,1
-0.283444408833174,2.4435878968879954,0.0,14,0.2,2.557384524448102,0.0,20,16,39,74.58518750227448,-0.9144313351973408,2.552373029471361,-1.6094379124341005,13,0.23,2.64116068026092,-1.6094379124341005,26,31,26,81.98940171424161,3450,100,1
-0.2690396561861273,2.4317365848114005,0.0,15,0.2,2.522417819931812,0.0,20,16,39,68.36736446596493,-0.8879276216186308,2.5543164049774325,-1.6094379124341005,14,0.22,2.659087879552656,-1.6094379124341005,26,4,26,75.60751213678758,3500,100,1
-0.2306142740679295,2.4301232892756874,0.0,15,0.2,2.5370963200817425,0.0,20,5,26,57.76216430040397,-0.8663120006280457,2.549556810881757,-1.6094379124341005,14,0.23,2.654612268772392,-1.6094379124341005,26,31,26,74.75402174629104,3550,100,1
-0.3121586549970383,2.499632351472708,0.0,15,0.19,2.6152897700823847,0.0,19,5,39,79.14932879150875,-0.7208654717499714,2.8105350875634185,-1.6094379124341005,15,0.23,2.715307963948512,-1.6094379124341005,25,31,26,92.01417545439595,3600,100,1
-0.258276221680726,2.428538941751693,0.0,14,0.19,2.5583197877413464,0.0,19,16,39,69.5667846006238,-0.8909403517662409,2.5488218943821024,-1.6094379124341005,13,0.22,2.659087879552656,-1.6094379124341005,26,31,26,84.12010165699981,3650,100,1
-0.3445338781804598,2.430288781368601,0.0,14,0.19,2.545824828822897,0.0,19,5,39,77.83135675255117,-0.9395910373876282,2.54378684723705,-1.6094379124341005,13,0.22,2.645636291041184,-1.6094379124341005,26,31,26,82.12101705221987,3700,100,1
-0.2062414131728633,2.446341053675888,0.0,14,0.19,2.55595878266683,0.0,19,5,39,74.8036103624103,-0.8247250613346729,2.572553339940173,-1.6094379124341005,13,0.23,2.683311423066269,-1.6094379124341005,25,31,26,83.18288797074466,3750,100,1
-0.2396844603913203,2.4347448631992337,0.0,14,0.2,2.626361896166904,0.0,20,16,39,71.71680249636715,-0.9020843187713176,2.5282835519978395,-1.6094379124341005,13,0.23,2.634324064406154,-1.6094379124341005,27,31,26,81.97385805729249,3800,100,1
-0.4070114615349971,2.48277113501208,0.0,15,0.19,2.6700793001530125,0.0,19,5,39,76.36161038999008,-0.8074505598989218,2.783726602204988,-1.6094379124341005,15,0.22,2.6991705614028585,-1.6094379124341005,25,31,26,95.3528333619588,3850,100,1
-0.2289186881694439,2.422134648908176,0.0,14,0.2,2.611556156658596,0.0,20,5,39,74.66549019752539,-0.8602496035099828,2.547970061530888,-1.6094379124341005,13,0.22,2.676753003369308,-1.6094379124341005,25,31,26,81.91576749525248,3900,100,1
-0.292702896337845,2.44468636544109,0.0,14,0.19,2.3286691683929543,0.0,19,5,39,76.40993870569538,-0.9173922089528304,2.528669403095819,-1.6094379124341005,13,0.23,2.64116068026092,-1.6094379124341005,26,31,26,81.72142454894077,3950,100,1
-0.2499473870517035,2.431133722087962,0.0,15,0.19,2.3178255327974524,0.0,19,16,39,70.53164718240104,-0.8689346426568189,2.528636661793304,-1.6094379124341005,14,0.23,2.654612268772392,-1.6094379124341005,26,31,26,76.29037312817967,4000,100,1
-0.2191054511172863,2.413939622119284,0.0,15,0.2,2.31020416341081,0.0,20,5,44,52.94655491671824,-0.8608557697257022,2.5196038306284927,-1.6094379124341005,14,0.23,2.653709996418575,-1.6094379124341005,26,31,26,74.98391497328713,4050,100,1
-0.2565254534998291,2.445056855306661,0.0,14,0.19,2.3558048838103534,0.0,19,5,39,77.69689025117597,-0.8429391603036328,2.545569607494253,-1.6094379124341005,13,0.24,2.6647567672874883,-1.6094379124341005,25,31,26,81.92120907213186,4100,100,1
-0.2459960499498363,2.4192510972873027,0.0,14,0.2,2.35049801811696,0.0,20,5,39,70.81364878281846,-0.8881372580329275,2.5219758409329533,-1.6094379124341005,13,0.22,2.652251263697889,-1.6094379124341005,27,16,26,83.026082441271,4150,100,1
-0.3414669453463705,2.48733807026258,0.0,15,0.19,2.373721453423401,0.0,19,15,39,72.03742907456126,-0.8103419578731227,2.7628308196833915,-1.6094379124341005,15,0.22,2.6991705614028585,-1.6094379124341005,25,31,26,94.76430556902952,4200,100,1
-0.2770183372283632,2.417891106983594,0.0,14,0.2,2.3346424670652497,0.0,20,5,39,75.18173189605082,-0.9107228320607904,2.529102229434572,-1.6094379124341005,13,0.22,2.665369475812982,-1.6094379124341005,25,31,26,78.18970133591456,4250,100,1
-0.294324917690325,2.433861184255047,0.0,14,0.19,2.3286691683929543,0.0,19,5,39,75.99869784278889,-0.9357061543214304,2.510192226431623,-1.6094379124341005,13,0.22,2.638799675186418,-1.6094379124341005,27,31,26,81.1555036461099,4300,100,1
-0.30586055782158,2.5049750619239988,0.0,15,0.18,2.369090901445122,0.0,18,5,39,79.33431667970572,-0.8698112307008679,2.577948242684648,-1.6094379124341005,14,0.24,2.6790881843530783,-1.6094379124341005,26,31,26,82.29705287707002,4350,100,1
-0.267856569758691,2.3902060750744023,0.0,14,0.21,2.341753810444953,0.0,21,5,39,66.63081883794116,-0.8956793828764039,2.5111354411225286,-1.6094379124341005,13,0.22,2.659087879552656,-1.6094379124341005,26,16,26,83.61433544756909,4400,100,1
-0.275983057180887,2.408090853642696,0.0,14,0.2,2.3488931869791148,0.0,20,5,39,76.07724803553145,-0.7653815339247493,2.691455842843552,-1.6094379124341005,14,0.22,2.670471407108981,-1.6094379124341005,26,31,26,89.61633027064444,4450,100,1
-0.2209668120105112,2.4116223770279053,0.0,15,0.2,2.323798831469748,0.0,20,5,39,73.15949105765385,-0.8637697639515105,2.4964452878871377,-1.6094379124341005,14,0.23,2.653709996418575,-1.6094379124341005,26,31,26,77.39063179885433,4500,100,1
-0.2461726584101459,2.421642717889089,0.0,15,0.19,2.3178255327974524,0.0,19,16,26,62.00672526963574,-0.878560999901169,2.501321147640256,-1.6094379124341005,14,0.23,2.660893865032718,-1.6094379124341005,25,31,26,78.26862199615408,4550,100,1
-0.2424498710842638,2.4367387290744142,0.0,14,0.19,2.330216559621044,0.0,19,5,39,77.57110775473868,-0.891113247018135,2.508733910164293,-1.6094379124341005,13,0.23,2.660893865032718,-1.6094379124341005,25,31,26,79.26145477025135,4600,100,1
-0.2758159871081418,2.424435892054701,0.0,14,0.2,2.3346424670652497,0.0,20,5,39,74.37765311685091,-0.9381031573087646,2.491146370153645,-1.6094379124341005,13,0.22,2.638799675186418,-1.6094379124341005,27,31,26,80.64749975833553,4650,100,1
-0.3186996840789354,2.479557471860568,0.0,15,0.18,2.3818965121565747,0.0,18,5,39,78.53479050785248,-0.8089285731034833,2.6526983278085625,-1.6094379124341005,15,0.23,2.697642840131859,-1.6094379124341005,26,31,26,87.60766885662554,4700,100,1
-0.2349425712740308,2.4065142510378887,0.0,14,0.2,2.338604570978056,0.0,20,5,39,67.94653372895577,-0.8820354349037014,2.492326489098558,-1.6094379124341005,13,0.23,2.660893865032718,-1.6094379124341005,25,16,26,83.91427404092764,4750,100,1
-0.3115433851707466,2.401868795664893,0.0,14,0.2,2.332540056242717,0.0,20,5,39,79.75859360646236,-0.8539551629831059,2.577638820334802,-1.6094379124341005,14,0.22,2.659087879552656,-1.6094379124341005,26,31,26,89.84274769805258,4800,100,1
-0.245388067946121,2.40964257854159,0.0,14,0.19,2.345022299129352,0.0,19,5,39,75.48249506730261,-0.8786056642713461,2.4859429613025834,-1.6094379124341005,13,0.23,2.654612268772392,-1.6094379124341005,26,31,26,77.82127166382803,4850,100,1
-0.2739292366422508,2.419795565148773,0.0,14,0.2,2.3346424670652497,0.0,20,5,39,74.32713078294171,-0.9238808063583392,2.477156321246447,-1.6094379124341005,13,0.23,2.64116068026092,-1.6094379124341005,26,31,26,79.98351032906504,4900,100,1
-0.3381261378576638,2.469868040057269,0.0,15,0.19,2.373721453423401,0.0,19,5,39,82.00590753325973,-0.7548517013090205,2.7275904749999444,-1.6094379124341005,15,0.22,2.720685847082592,-1.6094379124341005,25,31,26,91.68273540210554,4950,100,1
-0.2208963511808877,2.4055575063112404,0.0,15,0.2,2.323798831469748,0.0,20,5,39,71.75280928334634,-0.8759613784271524,2.473071196651525,-1.6094379124341005,14,0.23,2.654612268772392,-1.6094379124341005,26,31,26,76.11241578359308,5000,100,1
-0.2203931711398374,2.404313275764092,0.0,15,0.2,2.323798831469748,0.0,20,5,39,64.94504181681891,-0.8764603734374734,2.4691530213627413,-1.6094379124341005,14,0.23,2.654612268772392,-1.6094379124341005,26,31,26,76.1306138525491,5050,100,1
-0.2483466386613304,2.403622419540861,0.0,14,0.19,2.3326312723057607,0.0,19,5,39,69.38904397460492,-0.9007983551641026,2.470792835792462,-1.6094379124341005,13,0.22,2.659087879552656,-1.6094379124341005,26,16,26,82.03099601106983,5100,100,1
-0.3344579416710366,2.4054443816570537,0.0,14,0.19,2.326085770128611,0.0,19,5,39,77.49892576854872,-0.9495932568450882,2.4644168993313347,-1.6094379124341005,13,0.22,2.229325456253299,-1.6094379124341005,26,31,26,80.01257084419314,5150,100,1
-0.1960906544737162,2.4209285068732167,0.0,14,0.19,2.3460721106727536,0.0,19,5,39,74.74114059153897,-0.8348009978440963,2.494065418032537,-1.6094379124341005,13,0.23,2.287679148621005,-1.6094379124341005,25,31,26,81.03875187276422,5200,100,1
-0.2293806400010678,2.4090302518424216,0.0,14,0.2,2.35049801811696,0.0,20,5,39,71.4028106063864,-0.912311030076493,2.447025743204021,-1.6094379124341005,13,0.23,2.2248498454730306,-1.6094379124341005,27,31,26,79.80601389856656,5250,100,1
-0.3931153698343614,2.449712934226356,0.0,15,0.19,2.382321974964165,0.0,19,5,39,76.08579005629788,-0.8212414480320698,2.6846713860169222,-1.6094379124341005,15,0.22,2.3035382869576098,-1.6094379124341005,25,31,26,92.5459753249362,5300,100,1
-0.2183763285991405,2.395736805629926,0.0,14,0.2,2.323798831469748,0.0,20,5,39,74.4455700414057,-0.8707112198665992,2.465947066787795,-1.6094379124341005,13,0.22,2.2678124162631548,-1.6094379124341005,25,31,26,79.69230157995781,5350,100,1
-0.2819952122208793,2.418473996233485,0.0,14,0.19,2.3286691683929543,0.0,19,5,39,76.11983171504176,-0.9280165809503202,2.444645714481673,-1.6094379124341005,13,0.23,2.238501689415065,-1.6094379124341005,26,31,26,79.47443822976932,5400,100,1
-0.2624245573702629,2.4236905429076905,0.0,14,0.18,2.349569500694229,0.0,18,5,39,76.13063971809419,-0.847175860555649,2.4642055237513016,-1.6094379124341005,13,0.24,2.2691244928422054,-1.6094379124341005,26,31,26,79.24208679089014,5450,100,1
-0.2395795448546625,2.382120297427045,0.0,15,0.21,2.327503090531088,0.0,21,5,39,70.93709393758293,-0.9284902200613008,2.427234311926574,-1.6094379124341005,14,0.22,2.2153380715875843,-1.6094379124341005,28,31,26,76.9030932188273,5500,100,1
-0.2222013810186194,2.398482641222048,0.0,15,0.2,2.371803069989919,0.0,20,5,26,61.642249562647294,-0.8863713650969326,2.4400824935498227,-1.6094379124341005,14,0.23,2.2519532779265496,-1.6094379124341005,25,31,26,73.65176175586225,5550,100,1
-0.2033195298430431,2.3957695195883666,0.0,15,0.19,2.382182902054021,0.0,19,5,39,65.30590883172823,-0.842526020855348,2.4401711560649164,-1.6094379124341005,13,0.23,2.2624345331290687,-1.6094379124341005,25,16,26,81.61271786480027,5600,100,1
-0.3262965786736316,2.4514327421547515,0.0,15,0.19,2.416067627920793,0.0,19,15,39,71.81508710416067,-0.8253867904290226,2.655210772290664,-1.6094379124341005,15,0.22,2.3035382869576098,-1.6094379124341005,25,31,26,91.70238210972386,5650,100,1
-0.2654968021893646,2.3896380785596745,0.0,14,0.2,2.3790535439323315,0.0,20,5,39,75.01185743967733,-0.9221478075680788,2.439707399013048,-1.6094379124341005,13,0.22,2.2564288887068176,-1.6094379124341005,25,31,26,75.75847403009871,5700,100,1
-0.2826052194007792,2.4054781055709538,0.0,14,0.19,2.3769886415626416,0.0,19,5,39,75.6818398854679,-0.9473259155971674,2.4186600450189464,-1.6094379124341005,13,0.22,2.388558911133796,-1.6094379124341005,27,31,26,78.69321862727125,5750,100,1
-0.2900292978794156,2.4678079181659287,0.0,15,0.18,2.411437075942514,0.0,18,5,39,78.93594940000665,-0.8775561718096668,2.480160309658601,-1.6094379124341005,14,0.24,2.4362823676517578,-1.6094379124341005,26,31,26,79.63769383413019,5800,100,1
-0.2558263308002915,2.360526863741071,0.0,14,0.21,2.39258261546333,0.0,21,5,39,66.37088009888843,-0.9076042718201828,2.417774834015599,-1.6094379124341005,13,0.22,2.395486485194224,-1.6094379124341005,26,16,26,81.08203938140622,5850,100,1
-0.2637363543634949,2.378235836405441,0.0,14,0.2,2.391239361476507,0.0,20,5,39,75.65440085458818,-0.7854685409431661,2.582658964813788,-1.6094379124341005,14,0.22,2.426004321550619,-1.6094379124341005,26,31,26,86.73123170887831,5900,100,1
-0.2212047880656094,2.4011298961495218,0.0,14,0.19,2.372562734118435,0.0,19,5,39,76.47446173032016,-0.8883460701808947,2.41006544318672,-1.6094379124341005,13,0.23,2.4101451832140137,-1.6094379124341005,26,31,26,75.74924355834735,5950,100,1
-0.2639073773552626,2.3958023818020946,0.0,14,0.2,2.3790535439323315,0.0,20,5,39,74.064057894543,-0.9338070414001228,2.399573711528744,-1.6094379124341005,13,0.23,2.397735144295561,-1.6094379124341005,26,31,26,77.87679392633534,6000,100,1
-0.2171497352722639,2.386405976426268,0.0,15,0.2,2.371803069989919,0.0,20,5,39,53.022271366819055,-0.8913702739722014,2.4013880839992514,-1.6094379124341005,14,0.23,2.4046627183559903,-1.6094379124341005,25,4,26,66.67636509058231,6050,100,1
-0.2325483686816064,2.388677602920408,0.0,15,0.19,2.36911071113318,0.0,19,5,26,64.37449269484989,-0.9081524225405232,2.395455479161627,-1.6094379124341005,14,0.22,2.395486485194224,-1.6094379124341005,26,31,26,78.55548601273051,6100,100,1
-0.3011866703225104,2.438801976102326,0.0,15,0.18,2.4242426866539666,0.0,18,5,39,78.12342611886288,-0.8218748422188439,2.5376891486314967,-1.6094379124341005,15,0.23,2.454837023430557,-1.6094379124341005,26,31,26,84.26561135115003,6150,100,1
-0.2216151581424892,2.3742335712857567,0.0,14,0.2,2.389433375996433,0.0,20,5,39,67.70985231904501,-0.8952332908070453,2.3897480120538925,-1.6094379124341005,13,0.23,2.4046627183559903,-1.6094379124341005,25,16,26,81.11530594146896,6200,100,1
-0.2979489404950095,2.369426788936913,0.0,14,0.2,2.378167170555665,0.0,20,5,39,79.30003492775863,-0.8718137491761011,2.464786621193605,-1.6094379124341005,14,0.22,2.400968950052248,-1.6094379124341005,26,31,26,86.5723169500157,6250,100,1
-0.231655983257027,2.3766536154464184,0.0,14,0.19,2.3873684736267435,0.0,19,5,39,75.33499767152142,-0.8922001089470832,2.380464439192321,-1.6094379124341005,13,0.23,2.4101451832140137,-1.6094379124341005,26,31,26,74.92939040576685,6300,100,1
-0.259913182186562,2.386552025303513,0.0,14,0.2,2.3790535439323315,0.0,20,5,39,73.96164913708847,-0.9377533969574292,2.369167569578307,-1.6094379124341005,13,0.23,2.397735144295561,-1.6094379124341005,26,31,26,77.03935451948166,6350,100,1
-0.319142214182623,2.426270240002685,0.0,15,0.19,2.416067627920793,0.0,19,5,39,81.63273260183094,-0.7736381420265954,2.595971899193722,-1.6094379124341005,15,0.22,2.4706961617671626,-1.6094379124341005,25,31,26,87.88459183527384,6400,100,1
-0.1906949416150367,2.3749448056510643,0.0,14,0.19,2.385007468552227,0.0,19,5,39,73.33365095908407,-0.876292334943075,2.375555198824832,-1.6094379124341005,13,0.22,2.420521856692595,-1.6094379124341005,26,5,26,76.8098044854968,6450,100,1
-0.2680301678996395,2.3885732713656105,0.0,14,0.19,2.3769886415626416,0.0,19,5,39,75.71478757340279,-0.9414780788827068,2.35562431859118,-1.6094379124341005,13,0.23,2.5574001919757654,-1.6094379124341005,26,5,26,77.17170708680631,6500,100,1
-0.2491382215854446,2.3638316375779405,0.0,15,0.2,2.3735366185773863,0.0,20,16,26,59.20721978590208,-0.9295609050560556,2.34296202008258,-1.6094379124341005,14,0.23,2.639409273595286,-1.6094379124341005,26,4,26,70.98055442769079,6550,100,1
-0.2567569345192286,2.3515526242039844,0.0,15,0.2,2.3735366185773863,0.0,20,5,26,59.96516557652278,-0.9143087971477988,2.3483893951748263,-1.6094379124341005,14,0.22,2.6590878794753623,-1.6094379124341005,26,16,26,77.33248573637788,6600,100,1
-0.1806329256897186,2.3843948920026987,0.0,14,0.19,2.385007468552227,0.0,19,5,39,74.66498408754536,-0.8500837465318181,2.378143833334529,-1.6094379124341005,13,0.23,2.683311422989024,-1.6094379124341005,25,26,26,77.7866437440767,6650,100,1
-0.2135603631762601,2.371824430856372,0.0,14,0.2,2.389433375996433,0.0,20,5,39,70.93916081981105,-0.9279478841099577,2.3259022771065605,-1.6094379124341005,13,0.23,2.634324064328811,-1.6094379124341005,27,31,26,76.49258482493758,6700,100,1
-0.3716417754991687,2.401531131907609,0.0,15,0.19,2.419361283768164,0.0,19,5,39,75.6848444622677,-0.842461412762394,2.5355435025998565,-1.6094379124341005,15,0.22,2.699170561325645,-1.6094379124341005,25,31,26,88.22828494142122,6750,100,1
-0.2019783553145657,2.3571207013071565,0.0,14,0.2,2.374627636488125,0.0,20,5,39,74.1235817283494,-0.8869118835842316,2.3423917866307824,-1.6094379124341005,13,0.22,2.676753003292049,-1.6094379124341005,25,5,26,76.24960825830662,6800,100,1
-0.265187454467331,2.379889838482478,0.0,14,0.19,2.3769886415626416,0.0,19,5,39,75.6840658946542,-0.9446168534132116,2.316920617125559,-1.6094379124341005,13,0.23,2.641160680183591,-1.6094379124341005,26,5,26,75.96572368561482,6850,100,1
-0.2454039210066198,2.38465093319972,0.0,14,0.18,2.3866088094982274,0.0,18,5,39,76.1297405122351,-0.8639836183091972,2.3367787414998986,-1.6094379124341005,13,0.24,2.657572898596048,-1.6094379124341005,26,31,26,75.66626601392367,6900,100,1
-0.1877267072563411,2.335855550782848,0.0,14,0.21,2.387952063485051,0.0,21,5,39,67.4349351905236,-0.9071807011075598,2.302890770788704,-1.6094379124341005,13,0.22,2.651348991266764,-1.6094379124341005,27,16,26,76.84706370507641,6950,100,1
-0.3037308704123571,2.401289823091513,0.0,15,0.19,2.416067627920793,0.0,19,15,39,71.5149873680655,-0.8476525797358587,2.499737427317404,-1.6094379124341005,15,0.22,2.699170561325645,-1.6094379124341005,25,31,26,87.17231076161251,7000,100,1
-0.2195348750075603,2.359137039400534,0.0,15,0.19,2.3178255327974524,0.0,19,5,39,57.39115698690185,-0.8990053138595695,2.296357218824712,-1.6094379124341005,14,0.23,2.654612268695089,-1.6094379124341005,26,4,26,68.7620790871135,7050,100,1
-0.2023341290227399,2.3526533906589133,0.0,15,0.2,2.31020416341081,0.0,20,5,26,66.42408242273378,-0.9059695093736784,2.290825060679196,-1.6094379124341005,14,0.23,2.6608938649554283,-1.6094379124341005,25,4,26,79.42966046986476,7100,100,1
-0.2465499137957421,2.3464173430024093,0.0,14,0.2,2.3346424670652497,0.0,20,5,39,74.75883074681484,-0.9408296430545622,2.2981607516660056,-1.6094379124341005,13,0.22,2.665369475735701,-1.6094379124341005,25,5,26,71.78302567118241,7150,100,1
-0.2631041850298047,2.3616649890504786,0.0,14,0.19,2.3286691683929543,0.0,19,5,39,75.18012731916848,-0.9665457471032992,2.2720869138183324,-1.6094379124341005,13,0.22,2.6387996751090843,-1.6094379124341005,27,5,26,74.62255959673351,7200,100,1
-0.2634400931219685,2.4097172718389896,0.0,15,0.18,2.379873486126124,0.0,18,5,39,78.29953916406201,-0.8903616561952102,2.3227320092701147,-1.6094379124341005,14,0.24,2.679088184275825,-1.6094379124341005,26,31,26,75.21251536956254,7250,100,1
-0.2354280585793964,2.3139588919085674,0.0,14,0.21,2.341753810444953,0.0,21,5,39,65.96342148617228,-0.9276940923153428,2.2658511702244883,-1.6094379124341005,13,0.22,2.6590878794753623,-1.6094379124341005,26,5,26,76.81716912106991,7300,100,1
-0.2426906606931157,2.3309015490990195,0.0,14,0.2,2.3488931869791148,0.0,20,5,39,74.95488381407016,-0.819576366372659,2.402852529633795,-1.6094379124341005,14,0.22,2.6704714070317106,-1.6094379124341005,26,31,26,81.81868113529733,7350,100,1
-0.1998190607120336,2.3532546171778708,0.0,14,0.19,2.3409991443020446,0.0,19,5,39,76.2474082986648,-0.9093917638512738,2.2516428427482937,-1.6094379124341005,13,0.23,2.654612268695089,-1.6094379124341005,26,5,26,71.27222389891064,7400,100,1
-0.2418059775793233,2.34691811581901,0.0,14,0.2,2.3222514402416587,0.0,20,5,39,73.51393807912379,-0.9555444589506342,2.235523459722435,-1.6094379124341005,13,0.23,2.2385016893369305,-1.6094379124341005,26,5,26,73.26507418142714,7450,100,1
-0.2562655783059168,2.373287093123969,0.0,15,0.19,2.6152897700823847,0.0,19,5,39,77.95268215566088,-0.7760301598581162,2.427859183591182,-1.6094379124341005,15,0.23,2.333534362704844,-1.6094379124341005,25,5,26,80.85587629811677,7500,100,1
-0.2092741513521861,2.3372349992059265,0.0,15,0.19,2.534403961225004,0.0,19,5,26,53.01219261942023,-0.9310214542633624,2.224109711192124,-1.6094379124341005,14,0.22,2.2427770446866586,-1.6094379124341005,26,5,26,65.94744936512241,7550,100,1
-0.2077044501325187,2.333994993020321,0.0,15,0.19,2.534403961225004,0.0,19,5,39,69.59910427738231,-0.9825905734382884,2.133351583472663,-1.6094379124341005,14,0.23,2.37514353662282,-1.6094379124341005,26,15,26,72.50457711086987,7600,100,1
-0.1970293032991757,2.320008452037409,0.0,14,0.2,2.5519020595900512,0.0,20,5,39,67.31885206979233,-0.9193649428204425,2.2100726461340368,-1.6094379124341005,13,0.23,2.404662718278188,-1.6094379124341005,25,5,26,76.00037876101956,7650,100,1
-0.2723981591459196,2.31421789716773,0.0,14,0.2,2.6022359653474325,0.0,20,5,39,78.47385492654425,-0.9049142059924336,2.2633267739988567,-1.6094379124341005,14,0.22,2.4009689499744384,-1.6094379124341005,26,15,26,80.50553101247117,7700,100,1
-0.205591946965668,2.3199871885416097,0.0,14,0.19,2.61802378144228,0.0,19,5,39,75.10046650957624,-0.9177508902961732,2.19109797686812,-1.6094379124341005,13,0.23,2.4101451831362226,-1.6094379124341005,26,5,26,69.49392570251854,7750,100,1
-0.2327537866187161,2.32855982882044,0.0,14,0.2,2.61437289297503,0.0,20,5,39,73.29947844413289,-0.9643531066717236,2.171655254858156,-1.6094379124341005,13,0.23,2.3977351442177457,-1.6094379124341005,26,5,26,71.39719397720688,7800,100,1
-0.2817339199761471,2.348791939037,0.0,15,0.19,2.7075294079897345,0.0,19,5,39,80.95172654753782,-0.8102469008939527,2.3502853306806104,-1.6094379124341005,15,0.22,2.470696161689492,-1.6094379124341005,25,5,26,80.4978701499095,7850,100,1
-0.1616938878467427,2.3126595831275347,0.0,14,0.19,2.6802556959808657,0.0,19,5,39,72.85451690485117,-0.9046503537535966,2.1684537782499818,-1.6094379124341005,13,0.22,2.5732593302349063,-1.6094379124341005,26,5,26,70.78731987156122,7900,100,1
-0.2376435706179373,2.3253146900106154,0.0,14,0.19,2.681798869191625,0.0,19,5,39,74.96395966200274,-0.9711544327310389,2.1375112764924884,-1.6094379124341005,13,0.23,2.6411606801062617,-1.6094379124341005,26,5,26,70.90604293909664,7950,100,1
-0.2032063074855953,2.327227726042856,0.0,14,0.19,2.6846950264744183,0.0,19,5,39,77.75093306911016,-0.89529227787094,2.1571227309739087,-1.6094379124341005,13,0.24,2.664756767132924,-1.6094379124341005,25,26,26,70.78471788033457,8000,100,1
