Timestamp,PC,Type,Address,pattern_type,Delta_with_1_last_read,Delta_with_1_last_write,Delta_with_2_last_read,Delta_with_2_last_write,Delta_with_3_last_read,Delta_with_3_last_write,Delta_with_4_last_read,Delta_with_4_last_write,Delta_with_5_last_read,Delta_with_5_last_write,Delta_with_6_last_read,Delta_with_6_last_write,Delta_with_7_last_read,Delta_with_7_last_write,Delta_with_8_last_read,Delta_with_8_last_write,Delta_with_1_next_read,Delta_with_1_next_write,Delta_with_2_next_read,Delta_with_2_next_write,Delta_with_3_next_read,Delta_with_3_next_write,Delta_with_4_next_read,Delta_with_4_next_write,Delta_with_5_next_read,Delta_with_5_next_write,Delta_with_6_next_read,Delta_with_6_next_write,Delta_with_7_next_read,Delta_with_7_next_write,Delta_with_8_next_read,Delta_with_8_next_write
5,0x5632fc425089,R,0x7ffc6907d0d0,1,,,,,,,,,,,,,,,,,-45945090035960,-8,-45945090035944,-24,-104,-292,-292,-304,-304,-312,-45945090035968,-280,-324,-312,-356,-320
9,0x5632fc425091,W,0x7ffc6907d0c8,1,-8,,,,,,,,,,,,,,,,-45945090035952,-8,-45945090035936,-264,-96,-284,-284,-272,24,-304,-272,-272,-316,-304,-348,-316
11,0x5632fc425092,W,0x7ffc6907d0c0,1,-16,-8,-16,,,,,,,,,,,,,,-45945090035944,-8,-88,-256,-88,-288,-288,-264,-45945090035952,-296,-308,-264,-308,-304,-340,-328
16,0x5632fc42509f,R,0x5632fc427fd8,1,-45945090035960,-45945090035944,-45945090035960,-45945090035952,-45945090035960,,,,,,,,,,,,16,45945090035936,45945090035856,45945090035668,45945090035668,45945090035656,45945090035976,45945090035680,45945090035680,45945090035648,45945090035636,45945090035648,45945090035636,45945090035636,45945090035604,45945090035608
17,0x5632fc42509f,W,0x7ffc6907d0b8,1,45945090035936,-8,-24,-16,-24,-16,-24,,,,,,,,,,-45945090035920,-248,-80,-268,-280,-280,-45945090035944,-256,-256,-256,-300,-296,-300,-320,-332,-332
21,0x5632fc425008,R,0x5632fc427fe8,1,16,-45945090035920,-45945090035944,-45945090035936,-45945090035944,-45945090035928,-45945090035944,-45945090035936,-45945090035944,,,,,,,,45945090035840,45945090035672,45945090035652,45945090035652,45945090035960,45945090035640,-24,45945090035632,45945090035664,45945090035632,45945090035620,45945090035620,45945090035620,45945090035592,45945090035588,45945090035588
26,0x5632fc42501a,R,0x7ffc6907d068,1,45945090035840,-80,-104,-88,45945090035856,-88,-104,-88,-104,-96,-104,,,,,,0,-168,-200,-188,120,-176,-45945090035864,-176,-176,-216,-220,-240,-252,-248,-284,-252
39,0x5632fc425118,R,0x7ffc6907d068,1,0,-80,45945090035856,-88,45945090035856,-96,45945090035856,-88,-104,-88,-104,-96,-104,,,,-188,-168,-200,-200,120,-208,-45945090035864,-208,-176,-220,-220,-240,-252,-248,-284,-252
42,0x5632fc42519d,W,0x7ffc6907cfc0,1,-168,-248,45945090035672,-256,-272,-264,45945090035688,-248,45945090035688,-256,-272,-256,-272,-264,-272,,-20,-20,-32,-8,288,-8,-45945090035696,-48,-52,-52,-84,-72,-116,-80,-116,-104
46,0x5632fc4251a5,W,0x7ffc6907cfac,1,-188,-20,-188,-276,45945090035668,-284,45945090035652,-268,45945090035668,-268,45945090035668,-276,-292,-276,-292,-284,0,-12,-12,-20,308,-20,12,-28,-32,-32,-64,-52,-96,-64,-128,-84
48,0x5632fc4251a8,W,0x7ffc6907cfa0,1,-200,-12,-200,-280,45945090035640,-296,-304,-280,45945090035640,-280,45945090035656,-280,45945090035656,-288,-304,-288,12,24,0,24,-45945090035664,-8,-20,-16,-52,-20,-52,-48,-84,-52,-116,-80
50,0x5632fc4251ac,W,0x7ffc6907cfb8,1,-176,24,-176,-8,45945090035664,-264,45945090035680,-256,-176,-256,45945090035664,-256,45945090035680,-256,45945090035680,-264,-12,-32,296,0,0,-32,-44,-40,-76,-64,-108,-72,-108,-96,-140,-104
52,0x5632fc4251b3,R,0x7ffc6907cfac,1,-188,-12,-188,0,45945090035652,-268,45945090035668,-284,-292,-268,-188,-268,45945090035652,-268,45945090035668,-268,-12,-20,-45945090035676,12,-32,-20,-32,-32,-64,-52,-96,-64,-128,-84,-128,-96
55,0x5632fc4251b9,R,0x7ffc6907cfa0,1,-12,-24,-200,0,45945090035640,-32,45945090035656,-288,-304,-32,-200,-280,-200,-280,45945090035640,-280,320,-8,24,24,-20,-16,-52,-20,-52,-48,-84,-52,-116,-80,-116,-104
58,0x5632fc4251c1,R,0x7ffc6907d0e0,1,320,296,120,320,45945090035960,308,45945090035976,40,16,24,120,288,120,40,120,40,-45945090035984,-328,-296,-328,-340,-336,-372,-360,-404,-368,-404,-392,-436,-404,-436,-432
61,0x5632fc4251c7,W,0x7ffc6907cf98,1,-328,-32,-20,-8,-208,-20,45945090035648,-40,-312,-296,-208,-20,-208,-40,-208,-288,-45945090035656,32,-12,0,-12,-12,-44,-32,-76,-44,-76,-72,-108,-96,-140,-104
64,0x5632fc425074,R,0x5632fc427fd0,1,-45945090035984,-45945090035656,-45945090035664,-45945090035664,-45945090035864,-45945090035676,-24,-45945090035696,-45945090035968,-45945090035944,-45945090035864,-45945090035960,-45945090035864,-45945090035676,-45945090035864,-45945090035696,45945090035688,45945090035688,45945090035644,45945090035648,45945090035612,45945090035644,45945090035612,45945090035616,45945090035580,45945090035592,45945090035580,45945090035580,45945090035548,45945090035560,45945090035516,45945090035552
66,0x5632fc4251cc,W,0x7ffc6907cfb8,1,45945090035688,32,24,0,12,12,-176,-8,45945090035680,-256,-176,-264,-176,24,-176,12,0,-32,-44,-40,-76,-64,-76,-76,-108,-104,-140,-108,-172,-128,-172,-140
68,0x5632fc4251cf,R,0x7ffc6907cfb8,1,45945090035688,0,-296,0,12,24,-176,-8,45945090035664,-256,-280,-264,-176,-272,-176,24,-44,-32,-44,-44,-76,-72,-76,-96,-108,-104,-140,-108,-172,-136,-172,-160
71,0x5632fc4251d4,W,0x7ffc6907cf98,1,-32,-32,-328,0,-8,-8,-208,-20,-208,-288,45945090035648,-296,-20,-304,-208,-32,-12,-8,-12,-32,-44,-44,-76,-64,-108,-72,-108,-96,-140,-108,-140,-136
74,0x5632fc42516d,W,0x7ffc6907cf90,1,-40,-8,45945090035648,-8,-16,-40,-28,-28,-216,-48,45945090035624,-304,-320,-312,-28,-40,-4,-4,-4,-32,-36,-36,-68,-56,-100,-68,-100,-96,-132,-120,-164,-128
78,0x5632fc425175,W,0x7ffc6907cf8c,1,-44,-4,45945090035644,-44,-340,-44,-32,-20,-220,-52,45945090035620,-300,45945090035636,-316,-20,-44,0,-20,-32,-28,-64,-32,-64,-60,-96,-84,-96,-96,-128,-116,-160,-124
80,0x5632fc425178,R,0x7ffc6907cf8c,1,-44,0,45945090035644,-12,-340,-12,-20,-20,-220,-32,-220,-300,45945090035636,-308,-324,-44,0,-20,-32,-28,-64,-52,-64,-64,-96,-92,-128,-96,-160,-116,-160,-128
83,0x5632fc425185,R,0x7ffc6907cf8c,1,0,0,45945090035644,-4,-340,-44,-20,-44,-32,-32,-220,-52,45945090035620,-308,-324,-316,-32,-20,-32,-32,-64,-60,-64,-84,-96,-92,-128,-96,-160,-124,-160,-148
87,0x5632fc42518d,W,0x7ffc6907cf78,1,-20,-20,-64,-24,-360,-32,-40,-32,-52,-40,-240,-72,45945090035600,-320,45945090035616,-336,-12,-8,-12,-32,-44,-44,-76,-64,-108,-72,-108,-96,-140,-108,-140,-136
90,0x5632fc42516d,W,0x7ffc6907cf70,1,-28,-8,-28,-32,45945090035616,-40,-48,-72,-60,-72,-248,-60,-248,-328,45945090035608,-336,-4,-4,-4,-32,-36,-36,-68,-56,-100,-68,-100,-96,-132,-120,-164,-128
94,0x5632fc425175,W,0x7ffc6907cf6c,1,-32,-4,-32,-32,-76,-44,-372,-76,-64,-44,-252,-52,-252,-84,45945090035588,-340,0,-20,-32,-28,-64,-32,-64,-60,-96,-84,-96,-96,-128,-116,-160,-124
96,0x5632fc425178,R,0x7ffc6907cf6c,1,-32,0,-32,-12,-76,-36,45945090035612,-76,-52,-44,-252,-76,-252,-64,45945090035588,-332,0,-20,-32,-28,-64,-52,-64,-64,-96,-92,-128,-96,-160,-116,-160,-128
99,0x5632fc425185,R,0x7ffc6907cf6c,1,0,0,-32,-4,-76,-32,45945090035612,-44,-372,-44,-64,-76,-252,-52,45945090035588,-84,-32,-20,-32,-32,-64,-60,-64,-84,-96,-92,-128,-96,-160,-124,-160,-148
103,0x5632fc42518d,W,0x7ffc6907cf58,1,-20,-20,-52,-24,-96,-32,45945090035592,-56,-392,-96,-72,-96,-272,-72,45945090035568,-84,-12,-8,-12,-32,-44,-44,-76,-64,-108,-72,-108,-96,-140,-108,-140,-136
106,0x5632fc42516d,W,0x7ffc6907cf50,1,-28,-8,-28,-32,-60,-40,45945090035584,-60,-400,-72,-80,-72,-92,-80,-280,-92,-4,-4,-4,-32,-36,-36,-68,-56,-100,-68,-100,-96,-132,-120,-164,-128
110,0x5632fc425175,W,0x7ffc6907cf4c,1,-32,-4,-32,-32,-64,-44,-108,-64,-404,-68,-84,-108,-96,-108,-284,-96,0,-20,-32,-28,-64,-32,-64,-60,-96,-84,-96,-96,-128,-116,-160,-124
112,0x5632fc425178,R,0x7ffc6907cf4c,1,-32,0,-32,-12,-64,-36,-64,-64,45945090035580,-68,-84,-76,-96,-76,-284,-84,0,-20,-32,-28,-64,-52,-64,-64,-96,-92,-128,-96,-160,-116,-160,-128
115,0x5632fc425185,R,0x7ffc6907cf4c,1,0,0,-32,-4,-64,-32,-64,-44,-108,-68,-404,-76,-96,-108,-284,-108,-32,-20,-32,-32,-64,-60,-64,-84,-96,-92,-128,-96,-160,-124,-160,-148
119,0x5632fc42518d,W,0x7ffc6907cf38,1,-20,-20,-52,-24,-84,-32,-84,-56,-128,-84,45945090035560,-96,-104,-128,-304,-96,-12,-8,-12,-32,-44,-44,-76,-64,-108,-72,-108,-96,-140,-108,-140,-136
122,0x5632fc42516d,W,0x7ffc6907cf30,1,-28,-8,-28,-32,-60,-40,-92,-60,-136,-72,45945090035552,-96,-432,-136,-124,-104,-4,-4,-4,-32,-36,-36,-68,-56,-100,-68,-100,-96,-132,-120,-164,-128
126,0x5632fc425175,W,0x7ffc6907cf2c,1,-32,-4,-32,-32,-64,-44,-96,-64,-140,-68,45945090035548,-96,-436,-108,-116,-108,0,-20,-32,-28,-64,-32,-64,-60,-96,-84,-96,-96,-128,-116,-160,-124
128,0x5632fc425178,R,0x7ffc6907cf2c,1,-32,0,-32,-12,-64,-36,-64,-64,-96,-68,45945090035548,-76,-436,-100,-116,-140,0,-20,-32,-28,-64,-52,-64,-64,-96,-92,-128,-96,-160,-116,-160,-128
131,0x5632fc425185,R,0x7ffc6907cf2c,1,0,0,-32,-4,-64,-32,-64,-44,-96,-68,-140,-76,-436,-96,-116,-108,-32,-20,-32,-32,-64,-60,-64,-84,-96,-92,-128,-96,-160,-124,-160,-148
135,0x5632fc42518d,W,0x7ffc6907cf18,1,-20,-20,-52,-24,-84,-32,-84,-56,-116,-84,-116,-96,45945090035528,-116,-136,-120,-12,-8,-12,-32,-44,-44,-76,-64,-108,-72,-108,-96,-140,-108,-140,-136
138,0x5632fc42516d,W,0x7ffc6907cf10,1,-28,-8,-28,-32,-60,-40,-92,-60,-124,-72,-124,-96,-168,-124,-464,-128,-4,-4,-4,-32,-36,-36,-68,-56,-100,-68,-100,-96,-132,-120,-164,-128
142,0x5632fc425175,W,0x7ffc6907cf0c,1,-32,-4,-32,-32,-64,-44,-96,-64,-128,-68,-128,-96,-172,-108,45945090035516,-132,0,-20,-32,-28,-64,-32,-64,-60,-96,-84,-96,-96,-128,-116,-160,-124
144,0x5632fc425178,R,0x7ffc6907cf0c,1,-32,0,-32,-12,-64,-36,-64,-64,-96,-68,-128,-76,-172,-100,45945090035516,-128,0,-20,-32,-28,-64,-52,-64,-64,-96,-92,-128,-96,-160,-116,-160,-128
147,0x5632fc425185,R,0x7ffc6907cf0c,1,0,0,-32,-4,-64,-32,-64,-44,-96,-68,-128,-76,-172,-96,45945090035516,-108,-32,-20,-32,-32,-64,-60,-64,-84,-96,-92,-128,-96,-160,-124,-160,-148
151,0x5632fc42518d,W,0x7ffc6907cef8,1,-20,-20,-52,-24,-84,-32,-84,-56,-116,-84,-116,-96,-148,-116,45945090035496,-120,-12,-8,-12,-32,-44,-44,-76,-64,-108,-72,-108,-96,-140,-108,-140,-136
154,0x5632fc42516d,W,0x7ffc6907cef0,1,-28,-8,-28,-32,-60,-40,-92,-60,-124,-72,-124,-96,-156,-124,-200,-128,-4,-4,-4,-32,-36,-36,-68,-56,-100,-68,-100,-96,-132,-120,-164,-128
158,0x5632fc425175,W,0x7ffc6907ceec,1,-32,-4,-32,-32,-64,-44,-96,-64,-128,-68,-128,-96,-160,-108,-160,-132,0,-20,-32,-28,-64,-32,-64,-60,-96,-84,-96,-96,-128,-116,-160,-124
160,0x5632fc425178,R,0x7ffc6907ceec,1,-32,0,-32,-12,-64,-36,-64,-64,-96,-68,-128,-76,-160,-100,-160,-128,0,-20,-32,-28,-64,-52,-64,-64,-96,-92,-128,-96,-160,-116,-160,-128
163,0x5632fc425185,R,0x7ffc6907ceec,1,0,0,-32,-4,-64,-32,-64,-44,-96,-68,-128,-76,-160,-96,-160,-108,-32,-20,-32,-32,-64,-60,-64,-84,-96,-92,-128,-96,-160,-124,-160,-148
167,0x5632fc42518d,W,0x7ffc6907ced8,1,-20,-20,-52,-24,-84,-32,-84,-56,-116,-84,-116,-96,-148,-116,-180,-120,-12,-8,-12,-32,-44,-44,-76,-64,-108,-72,-108,-96,-140,-108,-140,-136
170,0x5632fc42516d,W,0x7ffc6907ced0,1,-28,-8,-28,-32,-60,-40,-92,-60,-124,-72,-124,-96,-156,-124,-188,-128,-4,-4,-4,-32,-36,-36,-68,-56,-100,-68,-100,-96,-132,-120,-164,-128
174,0x5632fc425175,W,0x7ffc6907cecc,1,-32,-4,-32,-32,-64,-44,-96,-64,-128,-68,-128,-96,-160,-108,-160,-132,0,-20,-32,-28,-64,-32,-64,-60,-96,-84,-96,-96,-128,-116,-160,-124
176,0x5632fc425178,R,0x7ffc6907cecc,1,-32,0,-32,-12,-64,-36,-64,-64,-96,-68,-128,-76,-160,-100,-160,-128,0,-20,-32,-28,-64,-52,-64,-64,-96,-92,-128,-96,-160,-116,-160,-128
179,0x5632fc425185,R,0x7ffc6907cecc,1,0,0,-32,-4,-64,-32,-64,-44,-96,-68,-128,-76,-160,-96,-160,-108,-32,-20,-32,-32,-64,-60,-64,-84,-96,-92,-128,-96,-160,-124,-160,-148
183,0x5632fc42518d,W,0x7ffc6907ceb8,1,-20,-20,-52,-24,-84,-32,-84,-56,-116,-84,-116,-96,-148,-116,-180,-120,-12,-8,-12,-32,-44,-44,-76,-64,-108,-72,-108,-96,-140,-108,-140,-136
186,0x5632fc42516d,W,0x7ffc6907ceb0,1,-28,-8,-28,-32,-60,-40,-92,-60,-124,-72,-124,-96,-156,-124,-188,-128,-4,-4,-4,-32,-36,-36,-68,-56,-100,-68,-100,-96,-132,-120,-164,-128
190,0x5632fc425175,W,0x7ffc6907ceac,1,-32,-4,-32,-32,-64,-44,-96,-64,-128,-68,-128,-96,-160,-108,-160,-132,0,-20,-32,-28,-64,-32,-64,-60,-96,-84,-96,-96,-128,-116,-160,-124
192,0x5632fc425178,R,0x7ffc6907ceac,1,-32,0,-32,-12,-64,-36,-64,-64,-96,-68,-128,-76,-160,-100,-160,-128,0,-20,-32,-28,-64,-52,-64,-64,-96,-92,-128,-96,-160,-116,-160,-128
195,0x5632fc425185,R,0x7ffc6907ceac,1,0,0,-32,-4,-64,-32,-64,-44,-96,-68,-128,-76,-160,-96,-160,-108,-32,-20,-32,-32,-64,-60,-64,-84,-96,-92,-128,-96,-160,-124,-160,-148
199,0x5632fc42518d,W,0x7ffc6907ce98,1,-20,-20,-52,-24,-84,-32,-84,-56,-116,-84,-116,-96,-148,-116,-180,-120,-12,-8,-12,-32,-44,-44,-76,-64,-108,-72,-108,-96,-140,-108,-140,-136
202,0x5632fc42516d,W,0x7ffc6907ce90,1,-28,-8,-28,-32,-60,-40,-92,-60,-124,-72,-124,-96,-156,-124,-188,-128,-4,-4,-4,-32,-36,-36,-68,-56,-100,-68,-100,-96,-132,-120,-164,-128
206,0x5632fc425175,W,0x7ffc6907ce8c,1,-32,-4,-32,-32,-64,-44,-96,-64,-128,-68,-128,-96,-160,-108,-160,-132,0,-20,-32,-28,-64,-32,-64,-60,-96,-84,-96,-96,-128,-116,-160,-124
208,0x5632fc425178,R,0x7ffc6907ce8c,1,-32,0,-32,-12,-64,-36,-64,-64,-96,-68,-128,-76,-160,-100,-160,-128,0,-20,-32,-28,-64,-52,-64,-64,-96,-92,-128,-96,-160,-116,-160,-128
211,0x5632fc425185,R,0x7ffc6907ce8c,1,0,0,-32,-4,-64,-32,-64,-44,-96,-68,-128,-76,-160,-96,-160,-108,-32,-20,-32,-32,-64,-60,-64,-84,-96,-92,-128,-96,-160,-124,-160,-148
215,0x5632fc42518d,W,0x7ffc6907ce78,1,-20,-20,-52,-24,-84,-32,-84,-56,-116,-84,-116,-96,-148,-116,-180,-120,-12,-8,-12,-32,-44,-44,-76,-64,-108,-72,-108,-96,-140,-108,-140,-136
218,0x5632fc42516d,W,0x7ffc6907ce70,1,-28,-8,-28,-32,-60,-40,-92,-60,-124,-72,-124,-96,-156,-124,-188,-128,-4,-4,-4,-32,-36,-36,-68,-56,-100,-68,-100,-96,-132,-120,-164,-128
222,0x5632fc425175,W,0x7ffc6907ce6c,1,-32,-4,-32,-32,-64,-44,-96,-64,-128,-68,-128,-96,-160,-108,-160,-132,0,-20,-32,-28,-64,-32,-64,-60,-96,-84,-96,-96,-128,-116,-160,-124
224,0x5632fc425178,R,0x7ffc6907ce6c,1,-32,0,-32,-12,-64,-36,-64,-64,-96,-68,-128,-76,-160,-100,-160,-128,0,-20,-32,-28,-64,-52,-64,-64,-96,-92,-128,-96,-160,-116,-160,-128
227,0x5632fc425185,R,0x7ffc6907ce6c,1,0,0,-32,-4,-64,-32,-64,-44,-96,-68,-128,-76,-160,-96,-160,-108,-32,-20,-32,-32,-64,-60,-64,-84,-96,-92,-128,-96,-160,-124,-160,-148
231,0x5632fc42518d,W,0x7ffc6907ce58,1,-20,-20,-52,-24,-84,-32,-84,-56,-116,-84,-116,-96,-148,-116,-180,-120,-12,-8,-12,-32,-44,-44,-76,-64,-108,-72,-108,-96,-140,-108,-140,-136
234,0x5632fc42516d,W,0x7ffc6907ce50,1,-28,-8,-28,-32,-60,-40,-92,-60,-124,-72,-124,-96,-156,-124,-188,-128,-4,-4,-4,-32,-36,-36,-68,-56,-100,-68,-100,-96,-132,-120,-164,-128
238,0x5632fc425175,W,0x7ffc6907ce4c,1,-32,-4,-32,-32,-64,-44,-96,-64,-128,-68,-128,-96,-160,-108,-160,-132,0,-20,-32,-28,-64,-32,-64,-60,-96,-84,-96,-96,-128,-116,-160,-124
240,0x5632fc425178,R,0x7ffc6907ce4c,1,-32,0,-32,-12,-64,-36,-64,-64,-96,-68,-128,-76,-160,-100,-160,-128,0,-20,-32,-28,-64,-52,-64,-64,-96,-92,-128,-96,-160,-116,-160,-128
243,0x5632fc425185,R,0x7ffc6907ce4c,1,0,0,-32,-4,-64,-32,-64,-44,-96,-68,-128,-76,-160,-96,-160,-108,-32,-20,-32,-32,-64,-60,-64,-84,-96,-92,-128,-96,-160,-124,-160,-148
247,0x5632fc42518d,W,0x7ffc6907ce38,1,-20,-20,-52,-24,-84,-32,-84,-56,-116,-84,-116,-96,-148,-116,-180,-120,-12,-8,-12,-32,-44,-44,-76,-64,-108,-72,-108,-96,-140,-108,-140,-136
250,0x5632fc42516d,W,0x7ffc6907ce30,1,-28,-8,-28,-32,-60,-40,-92,-60,-124,-72,-124,-96,-156,-124,-188,-128,-4,-4,-4,-32,-36,-36,-68,-56,-100,-68,-100,-96,-132,-120,-164,-128
254,0x5632fc425175,W,0x7ffc6907ce2c,1,-32,-4,-32,-32,-64,-44,-96,-64,-128,-68,-128,-96,-160,-108,-160,-132,0,-20,-32,-28,-64,-32,-64,-60,-96,-84,-96,-96,-128,-116,-160,-124
256,0x5632fc425178,R,0x7ffc6907ce2c,1,-32,0,-32,-12,-64,-36,-64,-64,-96,-68,-128,-76,-160,-100,-160,-128,0,-20,-32,-28,-64,-52,-64,-64,-96,-92,-128,-96,-160,-116,-160,-128
259,0x5632fc425185,R,0x7ffc6907ce2c,1,0,0,-32,-4,-64,-32,-64,-44,-96,-68,-128,-76,-160,-96,-160,-108,-32,-20,-32,-32,-64,-60,-64,-84,-96,-92,-128,-96,-160,-124,-160,-148
263,0x5632fc42518d,W,0x7ffc6907ce18,1,-20,-20,-52,-24,-84,-32,-84,-56,-116,-84,-116,-96,-148,-116,-180,-120,-12,-8,-12,-32,-44,-44,-76,-64,-108,-72,-108,-96,-140,-108,-140,-136
266,0x5632fc42516d,W,0x7ffc6907ce10,1,-28,-8,-28,-32,-60,-40,-92,-60,-124,-72,-124,-96,-156,-124,-188,-128,-4,-4,-4,-32,-36,-36,-68,-56,-100,-68,-100,-96,-132,-120,-164,-128
270,0x5632fc425175,W,0x7ffc6907ce0c,1,-32,-4,-32,-32,-64,-44,-96,-64,-128,-68,-128,-96,-160,-108,-160,-132,0,-20,-32,-28,-64,-32,-64,-60,-96,-84,-96,-96,-128,-116,-160,-124
272,0x5632fc425178,R,0x7ffc6907ce0c,1,-32,0,-32,-12,-64,-36,-64,-64,-96,-68,-128,-76,-160,-100,-160,-128,0,-20,-32,-28,-64,-52,-64,-64,-96,-92,-128,-96,-160,-116,-160,-128
275,0x5632fc425185,R,0x7ffc6907ce0c,1,0,0,-32,-4,-64,-32,-64,-44,-96,-68,-128,-76,-160,-96,-160,-108,-32,-20,-32,-32,-64,-60,-64,-84,-96,-92,-128,-96,-160,-124,-160,-148
279,0x5632fc42518d,W,0x7ffc6907cdf8,1,-20,-20,-52,-24,-84,-32,-84,-56,-116,-84,-116,-96,-148,-116,-180,-120,-12,-8,-12,-32,-44,-44,-76,-64,-108,-72,-108,-96,-140,-108,-140,-136
282,0x5632fc42516d,W,0x7ffc6907cdf0,1,-28,-8,-28,-32,-60,-40,-92,-60,-124,-72,-124,-96,-156,-124,-188,-128,-4,-4,-4,-32,-36,-36,-68,-56,-100,-68,-100,-96,-132,-120,-164,-128
286,0x5632fc425175,W,0x7ffc6907cdec,1,-32,-4,-32,-32,-64,-44,-96,-64,-128,-68,-128,-96,-160,-108,-160,-132,0,-20,-32,-28,-64,-32,-64,-60,-96,-84,-96,-96,-128,-116,-160,-124
288,0x5632fc425178,R,0x7ffc6907cdec,1,-32,0,-32,-12,-64,-36,-64,-64,-96,-68,-128,-76,-160,-100,-160,-128,0,-20,-32,-28,-64,-52,-64,-64,-96,-92,-128,-96,-160,-116,-160,-128
291,0x5632fc425185,R,0x7ffc6907cdec,1,0,0,-32,-4,-64,-32,-64,-44,-96,-68,-128,-76,-160,-96,-160,-108,-32,-20,-32,-32,-64,-60,-64,-84,-96,-92,-128,-96,-160,-124,-160,-148
295,0x5632fc42518d,W,0x7ffc6907cdd8,1,-20,-20,-52,-24,-84,-32,-84,-56,-116,-84,-116,-96,-148,-116,-180,-120,-12,-8,-12,-32,-44,-44,-76,-64,-108,-72,-108,-96,-140,-108,-140,-136
298,0x5632fc42516d,W,0x7ffc6907cdd0,1,-28,-8,-28,-32,-60,-40,-92,-60,-124,-72,-124,-96,-156,-124,-188,-128,-4,-4,-4,-32,-36,-36,-68,-56,-100,-68,-100,-96,-132,-120,-164,-128
302,0x5632fc425175,W,0x7ffc6907cdcc,1,-32,-4,-32,-32,-64,-44,-96,-64,-128,-68,-128,-96,-160,-108,-160,-132,0,-20,-32,-28,-64,-32,-64,-60,-96,-84,-96,-96,-128,-116,-160,-124
304,0x5632fc425178,R,0x7ffc6907cdcc,1,-32,0,-32,-12,-64,-36,-64,-64,-96,-68,-128,-76,-160,-100,-160,-128,0,-20,-32,-28,-64,-52,-64,-64,-96,-92,-128,-96,-160,-116,-160,-128
307,0x5632fc425185,R,0x7ffc6907cdcc,1,0,0,-32,-4,-64,-32,-64,-44,-96,-68,-128,-76,-160,-96,-160,-108,-32,-20,-32,-32,-64,-60,-64,-84,-96,-92,-128,-96,-160,-124,-160,-148
311,0x5632fc42518d,W,0x7ffc6907cdb8,1,-20,-20,-52,-24,-84,-32,-84,-56,-116,-84,-116,-96,-148,-116,-180,-120,-12,-8,-12,-32,-44,-44,-76,-64,-108,-72,-108,-96,-140,-108,-140,-136
314,0x5632fc42516d,W,0x7ffc6907cdb0,1,-28,-8,-28,-32,-60,-40,-92,-60,-124,-72,-124,-96,-156,-124,-188,-128,-4,-4,-4,-32,-36,-36,-68,-56,-100,-68,-100,-96,-132,-120,-164,-128
318,0x5632fc425175,W,0x7ffc6907cdac,1,-32,-4,-32,-32,-64,-44,-96,-64,-128,-68,-128,-96,-160,-108,-160,-132,0,-20,-32,-28,-64,-32,-64,-60,-96,-84,-96,-96,-128,-116,-160,-124
320,0x5632fc425178,R,0x7ffc6907cdac,1,-32,0,-32,-12,-64,-36,-64,-64,-96,-68,-128,-76,-160,-100,-160,-128,0,-20,-32,-28,-64,-52,-64,-64,-96,-92,-128,-96,-160,-116,-160,-128
323,0x5632fc425185,R,0x7ffc6907cdac,1,0,0,-32,-4,-64,-32,-64,-44,-96,-68,-128,-76,-160,-96,-160,-108,-32,-20,-32,-32,-64,-60,-64,-84,-96,-92,-128,-96,-160,-124,-160,-148
327,0x5632fc42518d,W,0x7ffc6907cd98,1,-20,-20,-52,-24,-84,-32,-84,-56,-116,-84,-116,-96,-148,-116,-180,-120,-12,-8,-12,-32,-44,-44,-76,-64,-108,-72,-108,-96,-140,-108,-140,-136
330,0x5632fc42516d,W,0x7ffc6907cd90,1,-28,-8,-28,-32,-60,-40,-92,-60,-124,-72,-124,-96,-156,-124,-188,-128,-4,-4,-4,-32,-36,-36,-68,-56,-100,-68,-100,-96,-132,-120,-164,-128
334,0x5632fc425175,W,0x7ffc6907cd8c,1,-32,-4,-32,-32,-64,-44,-96,-64,-128,-68,-128,-96,-160,-108,-160,-132,0,-20,-32,-28,-64,-32,-64,-60,-96,-84,-96,-96,-128,-116,-160,-124
336,0x5632fc425178,R,0x7ffc6907cd8c,1,-32,0,-32,-12,-64,-36,-64,-64,-96,-68,-128,-76,-160,-100,-160,-128,0,-20,-32,-28,-64,-52,-64,-64,-96,-92,-128,-96,-160,-116,-160,-128
339,0x5632fc425185,R,0x7ffc6907cd8c,1,0,0,-32,-4,-64,-32,-64,-44,-96,-68,-128,-76,-160,-96,-160,-108,-32,-20,-32,-32,-64,-60,-64,-84,-96,-92,-128,-96,-160,-124,-160,-148
343,0x5632fc42518d,W,0x7ffc6907cd78,1,-20,-20,-52,-24,-84,-32,-84,-56,-116,-84,-116,-96,-148,-116,-180,-120,-12,-8,-12,-32,-44,-44,-76,-64,-108,-72,-108,-96,-140,-108,-140,-136
346,0x5632fc42516d,W,0x7ffc6907cd70,1,-28,-8,-28,-32,-60,-40,-92,-60,-124,-72,-124,-96,-156,-124,-188,-128,-4,-4,-4,-32,-36,-36,-68,-56,-100,-68,-100,-96,-132,-120,-164,-128
350,0x5632fc425175,W,0x7ffc6907cd6c,1,-32,-4,-32,-32,-64,-44,-96,-64,-128,-68,-128,-96,-160,-108,-160,-132,0,-20,-32,-28,-64,-32,-64,-60,-96,-84,-96,-96,-128,-116,-160,-124
352,0x5632fc425178,R,0x7ffc6907cd6c,1,-32,0,-32,-12,-64,-36,-64,-64,-96,-68,-128,-76,-160,-100,-160,-128,0,-20,-32,-28,-64,-52,-64,-64,-96,-92,-128,-96,-160,-116,-160,-128
355,0x5632fc425185,R,0x7ffc6907cd6c,1,0,0,-32,-4,-64,-32,-64,-44,-96,-68,-128,-76,-160,-96,-160,-108,-32,-20,-32,-32,-64,-60,-64,-84,-96,-92,-128,-96,-160,-124,-160,-148
359,0x5632fc42518d,W,0x7ffc6907cd58,1,-20,-20,-52,-24,-84,-32,-84,-56,-116,-84,-116,-96,-148,-116,-180,-120,-12,-8,-12,-32,-44,-44,-76,-64,-108,-72,-108,-96,-140,-108,-140,-136
362,0x5632fc42516d,W,0x7ffc6907cd50,1,-28,-8,-28,-32,-60,-40,-92,-60,-124,-72,-124,-96,-156,-124,-188,-128,-4,-4,-4,-32,-36,-36,-68,-56,-100,-68,-100,-96,-132,-120,-164,-128
366,0x5632fc425175,W,0x7ffc6907cd4c,1,-32,-4,-32,-32,-64,-44,-96,-64,-128,-68,-128,-96,-160,-108,-160,-132,0,-20,-32,-28,-64,-32,-64,-60,-96,-84,-96,-96,-128,-116,-160,-124
368,0x5632fc425178,R,0x7ffc6907cd4c,1,-32,0,-32,-12,-64,-36,-64,-64,-96,-68,-128,-76,-160,-100,-160,-128,0,-20,-32,-28,-64,-52,-64,-64,-96,-92,-128,-96,-160,-116,-160,-128
371,0x5632fc425185,R,0x7ffc6907cd4c,1,0,0,-32,-4,-64,-32,-64,-44,-96,-68,-128,-76,-160,-96,-160,-108,-32,-20,-32,-32,-64,-60,-64,-84,-96,-92,-128,-96,-160,-124,-160,-148
375,0x5632fc42518d,W,0x7ffc6907cd38,1,-20,-20,-52,-24,-84,-32,-84,-56,-116,-84,-116,-96,-148,-116,-180,-120,-12,-8,-12,-32,-44,-44,-76,-64,-108,-72,-108,-96,-140,-108,-140,-136
378,0x5632fc42516d,W,0x7ffc6907cd30,1,-28,-8,-28,-32,-60,-40,-92,-60,-124,-72,-124,-96,-156,-124,-188,-128,-4,-4,-4,-32,-36,-36,-68,-56,-100,-68,-100,-96,-132,-120,-164,-128
382,0x5632fc425175,W,0x7ffc6907cd2c,1,-32,-4,-32,-32,-64,-44,-96,-64,-128,-68,-128,-96,-160,-108,-160,-132,0,-20,-32,-28,-64,-32,-64,-60,-96,-84,-96,-96,-128,-116,-160,-124
384,0x5632fc425178,R,0x7ffc6907cd2c,1,-32,0,-32,-12,-64,-36,-64,-64,-96,-68,-128,-76,-160,-100,-160,-128,0,-20,-32,-28,-64,-52,-64,-64,-96,-92,-128,-96,-160,-116,-160,-128
387,0x5632fc425185,R,0x7ffc6907cd2c,1,0,0,-32,-4,-64,-32,-64,-44,-96,-68,-128,-76,-160,-96,-160,-108,-32,-20,-32,-32,-64,-60,-64,-84,-96,-92,-128,-96,-160,-124,-160,-148
391,0x5632fc42518d,W,0x7ffc6907cd18,1,-20,-20,-52,-24,-84,-32,-84,-56,-116,-84,-116,-96,-148,-116,-180,-120,-12,-8,-12,-32,-44,-44,-76,-64,-108,-72,-108,-96,-140,-108,-140,-136
394,0x5632fc42516d,W,0x7ffc6907cd10,1,-28,-8,-28,-32,-60,-40,-92,-60,-124,-72,-124,-96,-156,-124,-188,-128,-4,-4,-4,-32,-36,-36,-68,-56,-100,-68,-100,-96,-132,-120,-164,-128
398,0x5632fc425175,W,0x7ffc6907cd0c,1,-32,-4,-32,-32,-64,-44,-96,-64,-128,-68,-128,-96,-160,-108,-160,-132,0,-20,-32,-28,-64,-32,-64,-60,-96,-84,-96,-96,-128,-116,-160,-124
400,0x5632fc425178,R,0x7ffc6907cd0c,1,-32,0,-32,-12,-64,-36,-64,-64,-96,-68,-128,-76,-160,-100,-160,-128,0,-20,-32,-28,-64,-52,-64,-64,-96,-92,-128,-96,-160,-116,-160,-128
403,0x5632fc425185,R,0x7ffc6907cd0c,1,0,0,-32,-4,-64,-32,-64,-44,-96,-68,-128,-76,-160,-96,-160,-108,-32,-20,-32,-32,-64,-60,-64,-84,-96,-92,-128,-96,-160,-124,-160,-148
407,0x5632fc42518d,W,0x7ffc6907ccf8,1,-20,-20,-52,-24,-84,-32,-84,-56,-116,-84,-116,-96,-148,-116,-180,-120,-12,-8,-12,-32,-44,-44,-76,-64,-108,-72,-108,-96,-140,-108,-140,-136
410,0x5632fc42516d,W,0x7ffc6907ccf0,1,-28,-8,-28,-32,-60,-40,-92,-60,-124,-72,-124,-96,-156,-124,-188,-128,-4,-4,-4,-32,-36,-36,-68,-56,-100,-68,-100,-96,-132,-120,-164,-128
414,0x5632fc425175,W,0x7ffc6907ccec,1,-32,-4,-32,-32,-64,-44,-96,-64,-128,-68,-128,-96,-160,-108,-160,-132,0,-20,-32,-28,-64,-32,-64,-60,-96,-84,-96,-96,-128,-116,-160,-124
416,0x5632fc425178,R,0x7ffc6907ccec,1,-32,0,-32,-12,-64,-36,-64,-64,-96,-68,-128,-76,-160,-100,-160,-128,0,-20,-32,-28,-64,-52,-64,-64,-96,-92,-128,-96,-160,-116,-160,-128
419,0x5632fc425185,R,0x7ffc6907ccec,1,0,0,-32,-4,-64,-32,-64,-44,-96,-68,-128,-76,-160,-96,-160,-108,-32,-20,-32,-32,-64,-60,-64,-84,-96,-92,-128,-96,-160,-124,-160,-148
423,0x5632fc42518d,W,0x7ffc6907ccd8,1,-20,-20,-52,-24,-84,-32,-84,-56,-116,-84,-116,-96,-148,-116,-180,-120,-12,-8,-12,-32,-44,-44,-76,-64,-108,-72,-108,-96,-140,-108,-140,-136
426,0x5632fc42516d,W,0x7ffc6907ccd0,1,-28,-8,-28,-32,-60,-40,-92,-60,-124,-72,-124,-96,-156,-124,-188,-128,-4,-4,-4,-32,-36,-36,-68,-56,-100,-68,-100,-96,-132,-120,-164,-128
430,0x5632fc425175,W,0x7ffc6907cccc,1,-32,-4,-32,-32,-64,-44,-96,-64,-128,-68,-128,-96,-160,-108,-160,-132,0,-20,-32,-28,-64,-32,-64,-60,-96,-84,-96,-96,-128,-116,-160,-124
432,0x5632fc425178,R,0x7ffc6907cccc,1,-32,0,-32,-12,-64,-36,-64,-64,-96,-68,-128,-76,-160,-100,-160,-128,0,-20,-32,-28,-64,-52,-64,-64,-96,-92,-128,-96,-160,-116,-160,-128
435,0x5632fc425185,R,0x7ffc6907cccc,1,0,0,-32,-4,-64,-32,-64,-44,-96,-68,-128,-76,-160,-96,-160,-108,-32,-20,-32,-32,-64,-60,-64,-84,-96,-92,-128,-96,-160,-124,-160,-148
439,0x5632fc42518d,W,0x7ffc6907ccb8,1,-20,-20,-52,-24,-84,-32,-84,-56,-116,-84,-116,-96,-148,-116,-180,-120,-12,-8,-12,-32,-44,-44,-76,-64,-108,-72,-108,-96,-140,-108,-140,-136
442,0x5632fc42516d,W,0x7ffc6907ccb0,1,-28,-8,-28,-32,-60,-40,-92,-60,-124,-72,-124,-96,-156,-124,-188,-128,-4,-4,-4,-32,-36,-36,-68,-56,-100,-68,-100,-96,-132,-120,-164,-128
446,0x5632fc425175,W,0x7ffc6907ccac,1,-32,-4,-32,-32,-64,-44,-96,-64,-128,-68,-128,-96,-160,-108,-160,-132,0,-20,-32,-28,-64,-32,-64,-60,-96,-84,-96,-96,-128,-116,-160,-124
448,0x5632fc425178,R,0x7ffc6907ccac,1,-32,0,-32,-12,-64,-36,-64,-64,-96,-68,-128,-76,-160,-100,-160,-128,0,-20,-32,-28,-64,-52,-64,-64,-96,-92,-128,-96,-160,-116,-160,-128
451,0x5632fc425185,R,0x7ffc6907ccac,1,0,0,-32,-4,-64,-32,-64,-44,-96,-68,-128,-76,-160,-96,-160,-108,-32,-20,-32,-32,-64,-60,-64,-84,-96,-92,-128,-96,-160,-124,-160,-148
455,0x5632fc42518d,W,0x7ffc6907cc98,1,-20,-20,-52,-24,-84,-32,-84,-56,-116,-84,-116,-96,-148,-116,-180,-120,-12,-8,-12,-32,-44,-44,-76,-64,-108,-72,-108,-96,-140,-108,-140,-136
458,0x5632fc42516d,W,0x7ffc6907cc90,1,-28,-8,-28,-32,-60,-40,-92,-60,-124,-72,-124,-96,-156,-124,-188,-128,-4,-4,-4,-32,-36,-36,-68,-56,-100,-68,-100,-96,-132,-120,-164,-128
462,0x5632fc425175,W,0x7ffc6907cc8c,1,-32,-4,-32,-32,-64,-44,-96,-64,-128,-68,-128,-96,-160,-108,-160,-132,0,-20,-32,-28,-64,-32,-64,-60,-96,-84,-96,-96,-128,-116,-160,-124
464,0x5632fc425178,R,0x7ffc6907cc8c,1,-32,0,-32,-12,-64,-36,-64,-64,-96,-68,-128,-76,-160,-100,-160,-128,0,-20,-32,-28,-64,-52,-64,-64,-96,-92,-128,-96,-160,-116,-160,-128
467,0x5632fc425185,R,0x7ffc6907cc8c,1,0,0,-32,-4,-64,-32,-64,-44,-96,-68,-128,-76,-160,-96,-160,-108,-32,-20,-32,-32,-64,-60,-64,-84,-96,-92,-128,-96,-160,-124,-160,-148
471,0x5632fc42518d,W,0x7ffc6907cc78,1,-20,-20,-52,-24,-84,-32,-84,-56,-116,-84,-116,-96,-148,-116,-180,-120,-12,-8,-12,-32,-44,-44,-76,-64,-108,-72,-108,-96,-140,-108,-140,-136
474,0x5632fc42516d,W,0x7ffc6907cc70,1,-28,-8,-28,-32,-60,-40,-92,-60,-124,-72,-124,-96,-156,-124,-188,-128,-4,-4,-4,-32,-36,-36,-68,-56,-100,-68,-100,-96,-132,-120,-164,-128
478,0x5632fc425175,W,0x7ffc6907cc6c,1,-32,-4,-32,-32,-64,-44,-96,-64,-128,-68,-128,-96,-160,-108,-160,-132,0,-20,-32,-28,-64,-32,-64,-60,-96,-84,-96,-96,-128,-116,-160,-124
480,0x5632fc425178,R,0x7ffc6907cc6c,1,-32,0,-32,-12,-64,-36,-64,-64,-96,-68,-128,-76,-160,-100,-160,-128,0,-20,-32,-28,-64,-52,-64,-64,-96,-92,-128,-96,-160,-116,-160,-128
483,0x5632fc425185,R,0x7ffc6907cc6c,1,0,0,-32,-4,-64,-32,-64,-44,-96,-68,-128,-76,-160,-96,-160,-108,-32,-20,-32,-32,-64,-60,-64,-84,-96,-92,-128,-96,-160,-124,-160,-148
487,0x5632fc42518d,W,0x7ffc6907cc58,1,-20,-20,-52,-24,-84,-32,-84,-56,-116,-84,-116,-96,-148,-116,-180,-120,-12,-8,-12,-32,-44,-44,-76,-64,-108,-72,-108,-96,-140,-108,-140,-136
490,0x5632fc42516d,W,0x7ffc6907cc50,1,-28,-8,-28,-32,-60,-40,-92,-60,-124,-72,-124,-96,-156,-124,-188,-128,-4,-4,-4,-32,-36,-36,-68,-56,-100,-68,-100,-96,-132,-120,-164,-128
494,0x5632fc425175,W,0x7ffc6907cc4c,1,-32,-4,-32,-32,-64,-44,-96,-64,-128,-68,-128,-96,-160,-108,-160,-132,0,-20,-32,-28,-64,-32,-64,-60,-96,-84,-96,-96,-128,-116,-160,-124
496,0x5632fc425178,R,0x7ffc6907cc4c,1,-32,0,-32,-12,-64,-36,-64,-64,-96,-68,-128,-76,-160,-100,-160,-128,0,-20,-32,-28,-64,-52,-64,-64,-96,-92,-128,-96,-160,-116,-160,-128
499,0x5632fc425185,R,0x7ffc6907cc4c,1,0,0,-32,-4,-64,-32,-64,-44,-96,-68,-128,-76,-160,-96,-160,-108,-32,-20,-32,-32,-64,-60,-64,-84,-96,-92,-128,-96,-160,-124,-160,-148
503,0x5632fc42518d,W,0x7ffc6907cc38,1,-20,-20,-52,-24,-84,-32,-84,-56,-116,-84,-116,-96,-148,-116,-180,-120,-12,-8,-12,-32,-44,-44,-76,-64,-108,-72,-108,-96,-140,-108,-140,-136
506,0x5632fc42516d,W,0x7ffc6907cc30,1,-28,-8,-28,-32,-60,-40,-92,-60,-124,-72,-124,-96,-156,-124,-188,-128,-4,-4,-4,-32,-36,-36,-68,-56,-100,-68,-100,-96,-132,-120,-164,-128
510,0x5632fc425175,W,0x7ffc6907cc2c,1,-32,-4,-32,-32,-64,-44,-96,-64,-128,-68,-128,-96,-160,-108,-160,-132,0,-20,-32,-28,-64,-32,-64,-60,-96,-84,-96,-96,-128,-116,-160,-124
512,0x5632fc425178,R,0x7ffc6907cc2c,1,-32,0,-32,-12,-64,-36,-64,-64,-96,-68,-128,-76,-160,-100,-160,-128,0,-20,-32,-28,-64,-52,-64,-64,-96,-92,-128,-96,-160,-116,-160,-128
515,0x5632fc425185,R,0x7ffc6907cc2c,1,0,0,-32,-4,-64,-32,-64,-44,-96,-68,-128,-76,-160,-96,-160,-108,-32,-20,-32,-32,-64,-60,-64,-84,-96,-92,-128,-96,-160,-124,-160,-148
519,0x5632fc42518d,W,0x7ffc6907cc18,1,-20,-20,-52,-24,-84,-32,-84,-56,-116,-84,-116,-96,-148,-116,-180,-120,-12,-8,-12,-32,-44,-44,-76,-64,-108,-72,-108,-96,-140,-108,-140,-136
522,0x5632fc42516d,W,0x7ffc6907cc10,1,-28,-8,-28,-32,-60,-40,-92,-60,-124,-72,-124,-96,-156,-124,-188,-128,-4,-4,-4,-32,-36,-36,-68,-56,-100,-68,-100,-96,-132,-120,-164,-128
526,0x5632fc425175,W,0x7ffc6907cc0c,1,-32,-4,-32,-32,-64,-44,-96,-64,-128,-68,-128,-96,-160,-108,-160,-132,0,-20,-32,-28,-64,-32,-64,-60,-96,-84,-96,-96,-128,-116,-160,-124
528,0x5632fc425178,R,0x7ffc6907cc0c,1,-32,0,-32,-12,-64,-36,-64,-64,-96,-68,-128,-76,-160,-100,-160,-128,0,-20,-32,-28,-64,-52,-64,-64,-96,-92,-128,-96,-160,-116,-160,-128
531,0x5632fc425185,R,0x7ffc6907cc0c,1,0,0,-32,-4,-64,-32,-64,-44,-96,-68,-128,-76,-160,-96,-160,-108,-32,-20,-32,-32,-64,-60,-64,-84,-96,-92,-128,-96,-160,-124,-160,-148
535,0x5632fc42518d,W,0x7ffc6907cbf8,1,-20,-20,-52,-24,-84,-32,-84,-56,-116,-84,-116,-96,-148,-116,-180,-120,-12,-8,-12,-32,-44,-44,-76,-64,-108,-72,-108,-96,-140,-108,-140,-136
538,0x5632fc42516d,W,0x7ffc6907cbf0,1,-28,-8,-28,-32,-60,-40,-92,-60,-124,-72,-124,-96,-156,-124,-188,-128,-4,-4,-4,-32,-36,-36,-68,-56,-100,-68,-100,-96,-132,-120,-164,-128
542,0x5632fc425175,W,0x7ffc6907cbec,1,-32,-4,-32,-32,-64,-44,-96,-64,-128,-68,-128,-96,-160,-108,-160,-132,0,-20,-32,-28,-64,-32,-64,-60,-96,-84,-96,-96,-128,-116,-160,-124
544,0x5632fc425178,R,0x7ffc6907cbec,1,-32,0,-32,-12,-64,-36,-64,-64,-96,-68,-128,-76,-160,-100,-160,-128,0,-20,-32,-28,-64,-52,-64,-64,-96,-92,-128,-96,-160,-116,-160,-128
547,0x5632fc425185,R,0x7ffc6907cbec,1,0,0,-32,-4,-64,-32,-64,-44,-96,-68,-128,-76,-160,-96,-160,-108,-32,-20,-32,-32,-64,-60,-64,-84,-96,-92,-128,-96,-160,-124,-160,-148
551,0x5632fc42518d,W,0x7ffc6907cbd8,1,-20,-20,-52,-24,-84,-32,-84,-56,-116,-84,-116,-96,-148,-116,-180,-120,-12,-8,-12,-32,-44,-44,-76,-64,-108,-72,-108,-96,-140,-108,-140,-136
554,0x5632fc42516d,W,0x7ffc6907cbd0,1,-28,-8,-28,-32,-60,-40,-92,-60,-124,-72,-124,-96,-156,-124,-188,-128,-4,-4,-4,-32,-36,-36,-68,-56,-100,-68,-100,-96,-132,-120,-164,-128
558,0x5632fc425175,W,0x7ffc6907cbcc,1,-32,-4,-32,-32,-64,-44,-96,-64,-128,-68,-128,-96,-160,-108,-160,-132,0,-20,-32,-28,-64,-32,-64,-60,-96,-84,-96,-96,-128,-116,-160,-124
560,0x5632fc425178,R,0x7ffc6907cbcc,1,-32,0,-32,-12,-64,-36,-64,-64,-96,-68,-128,-76,-160,-100,-160,-128,0,-20,-32,-28,-64,-52,-64,-64,-96,-92,-128,-96,-160,-116,-160,-128
563,0x5632fc425185,R,0x7ffc6907cbcc,1,0,0,-32,-4,-64,-32,-64,-44,-96,-68,-128,-76,-160,-96,-160,-108,-32,-20,-32,-32,-64,-60,-64,-84,-96,-92,-128,-96,-160,-124,-160,-148
567,0x5632fc42518d,W,0x7ffc6907cbb8,1,-20,-20,-52,-24,-84,-32,-84,-56,-116,-84,-116,-96,-148,-116,-180,-120,-12,-8,-12,-32,-44,-44,-76,-64,-108,-72,-108,-96,-140,-108,-140,-136
570,0x5632fc42516d,W,0x7ffc6907cbb0,1,-28,-8,-28,-32,-60,-40,-92,-60,-124,-72,-124,-96,-156,-124,-188,-128,-4,-4,-4,-32,-36,-36,-68,-56,-100,-68,-100,-96,-132,-120,-164,-128
574,0x5632fc425175,W,0x7ffc6907cbac,1,-32,-4,-32,-32,-64,-44,-96,-64,-128,-68,-128,-96,-160,-108,-160,-132,0,-20,-32,-28,-64,-32,-64,-60,-96,-84,-96,-96,-128,-116,-160,-124
576,0x5632fc425178,R,0x7ffc6907cbac,1,-32,0,-32,-12,-64,-36,-64,-64,-96,-68,-128,-76,-160,-100,-160,-128,0,-20,-32,-28,-64,-52,-64,-64,-96,-92,-128,-96,-160,-116,-160,-128
579,0x5632fc425185,R,0x7ffc6907cbac,1,0,0,-32,-4,-64,-32,-64,-44,-96,-68,-128,-76,-160,-96,-160,-108,-32,-20,-32,-32,-64,-60,-64,-84,-96,-92,-128,-96,-160,-124,-160,-148
583,0x5632fc42518d,W,0x7ffc6907cb98,1,-20,-20,-52,-24,-84,-32,-84,-56,-116,-84,-116,-96,-148,-116,-180,-120,-12,-8,-12,-32,-44,-44,-76,-64,-108,-72,-108,-96,-140,-108,-140,-136
586,0x5632fc42516d,W,0x7ffc6907cb90,1,-28,-8,-28,-32,-60,-40,-92,-60,-124,-72,-124,-96,-156,-124,-188,-128,-4,-4,-4,-32,-36,-36,-68,-56,-100,-68,-100,-96,-132,-120,-164,-128
590,0x5632fc425175,W,0x7ffc6907cb8c,1,-32,-4,-32,-32,-64,-44,-96,-64,-128,-68,-128,-96,-160,-108,-160,-132,0,-20,-32,-28,-64,-32,-64,-60,-96,-84,-96,-96,-128,-116,-160,-124
592,0x5632fc425178,R,0x7ffc6907cb8c,1,-32,0,-32,-12,-64,-36,-64,-64,-96,-68,-128,-76,-160,-100,-160,-128,0,-20,-32,-28,-64,-52,-64,-64,-96,-92,-128,-96,-160,-116,-160,-128
595,0x5632fc425185,R,0x7ffc6907cb8c,1,0,0,-32,-4,-64,-32,-64,-44,-96,-68,-128,-76,-160,-96,-160,-108,-32,-20,-32,-32,-64,-60,-64,-84,-96,-92,-128,-96,-160,-124,-160,-148
599,0x5632fc42518d,W,0x7ffc6907cb78,1,-20,-20,-52,-24,-84,-32,-84,-56,-116,-84,-116,-96,-148,-116,-180,-120,-12,-8,-12,-32,-44,-44,-76,-64,-108,-72,-108,-96,-140,-108,-140,-136
602,0x5632fc42516d,W,0x7ffc6907cb70,1,-28,-8,-28,-32,-60,-40,-92,-60,-124,-72,-124,-96,-156,-124,-188,-128,-4,-4,-4,-32,-36,-36,-68,-56,-100,-68,-100,-96,-132,-120,-164,-128
606,0x5632fc425175,W,0x7ffc6907cb6c,1,-32,-4,-32,-32,-64,-44,-96,-64,-128,-68,-128,-96,-160,-108,-160,-132,0,-20,-32,-28,-64,-32,-64,-60,-96,-84,-96,-96,-128,-116,-160,-124
608,0x5632fc425178,R,0x7ffc6907cb6c,1,-32,0,-32,-12,-64,-36,-64,-64,-96,-68,-128,-76,-160,-100,-160,-128,0,-20,-32,-28,-64,-52,-64,-64,-96,-92,-128,-96,-160,-116,-160,-128
611,0x5632fc425185,R,0x7ffc6907cb6c,1,0,0,-32,-4,-64,-32,-64,-44,-96,-68,-128,-76,-160,-96,-160,-108,-32,-20,-32,-32,-64,-60,-64,-84,-96,-92,-128,-96,-160,-124,-160,-148
615,0x5632fc42518d,W,0x7ffc6907cb58,1,-20,-20,-52,-24,-84,-32,-84,-56,-116,-84,-116,-96,-148,-116,-180,-120,-12,-8,-12,-32,-44,-44,-76,-64,-108,-72,-108,-96,-140,-108,-140,-136
618,0x5632fc42516d,W,0x7ffc6907cb50,1,-28,-8,-28,-32,-60,-40,-92,-60,-124,-72,-124,-96,-156,-124,-188,-128,-4,-4,-4,-32,-36,-36,-68,-56,-100,-68,-100,-96,-132,-120,-164,-128
622,0x5632fc425175,W,0x7ffc6907cb4c,1,-32,-4,-32,-32,-64,-44,-96,-64,-128,-68,-128,-96,-160,-108,-160,-132,0,-20,-32,-28,-64,-32,-64,-60,-96,-84,-96,-96,-128,-116,-160,-124
624,0x5632fc425178,R,0x7ffc6907cb4c,1,-32,0,-32,-12,-64,-36,-64,-64,-96,-68,-128,-76,-160,-100,-160,-128,0,-20,-32,-28,-64,-52,-64,-64,-96,-92,-128,-96,-160,-116,-160,-128
627,0x5632fc425185,R,0x7ffc6907cb4c,1,0,0,-32,-4,-64,-32,-64,-44,-96,-68,-128,-76,-160,-96,-160,-108,-32,-20,-32,-32,-64,-60,-64,-84,-96,-92,-128,-96,-160,-124,-160,-148
631,0x5632fc42518d,W,0x7ffc6907cb38,1,-20,-20,-52,-24,-84,-32,-84,-56,-116,-84,-116,-96,-148,-116,-180,-120,-12,-8,-12,-32,-44,-44,-76,-64,-108,-72,-108,-96,-140,-108,-140,-136
634,0x5632fc42516d,W,0x7ffc6907cb30,1,-28,-8,-28,-32,-60,-40,-92,-60,-124,-72,-124,-96,-156,-124,-188,-128,-4,-4,-4,-32,-36,-36,-68,-56,-100,-68,-100,-96,-132,-120,-164,-128
638,0x5632fc425175,W,0x7ffc6907cb2c,1,-32,-4,-32,-32,-64,-44,-96,-64,-128,-68,-128,-96,-160,-108,-160,-132,0,-20,-32,-28,-64,-32,-64,-60,-96,-84,-96,-96,-128,-116,-160,-124
640,0x5632fc425178,R,0x7ffc6907cb2c,1,-32,0,-32,-12,-64,-36,-64,-64,-96,-68,-128,-76,-160,-100,-160,-128,0,-20,-32,-28,-64,-52,-64,-64,-96,-92,-128,-96,-160,-116,-160,-128
643,0x5632fc425185,R,0x7ffc6907cb2c,1,0,0,-32,-4,-64,-32,-64,-44,-96,-68,-128,-76,-160,-96,-160,-108,-32,-20,-32,-32,-64,-60,-64,-84,-96,-92,-128,-96,-160,-124,-160,-148
647,0x5632fc42518d,W,0x7ffc6907cb18,1,-20,-20,-52,-24,-84,-32,-84,-56,-116,-84,-116,-96,-148,-116,-180,-120,-12,-8,-12,-32,-44,-44,-76,-64,-108,-72,-108,-96,-140,-108,-140,-136
650,0x5632fc42516d,W,0x7ffc6907cb10,1,-28,-8,-28,-32,-60,-40,-92,-60,-124,-72,-124,-96,-156,-124,-188,-128,-4,-4,-4,-32,-36,-36,-68,-56,-100,-68,-100,-96,-132,-120,-164,-128
654,0x5632fc425175,W,0x7ffc6907cb0c,1,-32,-4,-32,-32,-64,-44,-96,-64,-128,-68,-128,-96,-160,-108,-160,-132,0,-20,-32,-28,-64,-32,-64,-60,-96,-84,-96,-96,-128,-116,-160,-124
656,0x5632fc425178,R,0x7ffc6907cb0c,1,-32,0,-32,-12,-64,-36,-64,-64,-96,-68,-128,-76,-160,-100,-160,-128,0,-20,-32,-28,-64,-52,-64,-64,-96,-92,-128,-96,-160,-116,-160,-128
659,0x5632fc425185,R,0x7ffc6907cb0c,1,0,0,-32,-4,-64,-32,-64,-44,-96,-68,-128,-76,-160,-96,-160,-108,-32,-20,-32,-32,-64,-60,-64,-84,-96,-92,-128,-96,-160,-124,-160,-148
663,0x5632fc42518d,W,0x7ffc6907caf8,1,-20,-20,-52,-24,-84,-32,-84,-56,-116,-84,-116,-96,-148,-116,-180,-120,-12,-8,-12,-32,-44,-44,-76,-64,-108,-72,-108,-96,-140,-108,-140,-136
666,0x5632fc42516d,W,0x7ffc6907caf0,1,-28,-8,-28,-32,-60,-40,-92,-60,-124,-72,-124,-96,-156,-124,-188,-128,-4,-4,-4,-32,-36,-36,-68,-56,-100,-68,-100,-96,-132,-120,-164,-128
670,0x5632fc425175,W,0x7ffc6907caec,1,-32,-4,-32,-32,-64,-44,-96,-64,-128,-68,-128,-96,-160,-108,-160,-132,0,-20,-32,-28,-64,-32,-64,-60,-96,-84,-96,-96,-128,-116,-160,-124
672,0x5632fc425178,R,0x7ffc6907caec,1,-32,0,-32,-12,-64,-36,-64,-64,-96,-68,-128,-76,-160,-100,-160,-128,0,-20,-32,-28,-64,-52,-64,-64,-96,-92,-128,-96,-160,-116,-160,-128
675,0x5632fc425185,R,0x7ffc6907caec,1,0,0,-32,-4,-64,-32,-64,-44,-96,-68,-128,-76,-160,-96,-160,-108,-32,-20,-32,-32,-64,-60,-64,-84,-96,-92,-128,-96,-160,-124,-160,-148
679,0x5632fc42518d,W,0x7ffc6907cad8,1,-20,-20,-52,-24,-84,-32,-84,-56,-116,-84,-116,-96,-148,-116,-180,-120,-12,-8,-12,-32,-44,-44,-76,-64,-108,-72,-108,-96,-140,-108,-140,-136
682,0x5632fc42516d,W,0x7ffc6907cad0,1,-28,-8,-28,-32,-60,-40,-92,-60,-124,-72,-124,-96,-156,-124,-188,-128,-4,-4,-4,-32,-36,-36,-68,-56,-100,-68,-100,-96,-132,-120,-164,-128
686,0x5632fc425175,W,0x7ffc6907cacc,1,-32,-4,-32,-32,-64,-44,-96,-64,-128,-68,-128,-96,-160,-108,-160,-132,0,-20,-32,-28,-64,-32,-64,-60,-96,-84,-96,-96,-128,-116,-160,-124
688,0x5632fc425178,R,0x7ffc6907cacc,1,-32,0,-32,-12,-64,-36,-64,-64,-96,-68,-128,-76,-160,-100,-160,-128,0,-20,-32,-28,-64,-52,-64,-64,-96,-92,-128,-96,-160,-116,-160,-128
691,0x5632fc425185,R,0x7ffc6907cacc,1,0,0,-32,-4,-64,-32,-64,-44,-96,-68,-128,-76,-160,-96,-160,-108,-32,-20,-32,-32,-64,-60,-64,-84,-96,-92,-128,-96,-160,-124,-160,-148
695,0x5632fc42518d,W,0x7ffc6907cab8,1,-20,-20,-52,-24,-84,-32,-84,-56,-116,-84,-116,-96,-148,-116,-180,-120,-12,-8,-12,-32,-44,-44,-76,-64,-108,-72,-108,-96,-140,-108,-140,-136
698,0x5632fc42516d,W,0x7ffc6907cab0,1,-28,-8,-28,-32,-60,-40,-92,-60,-124,-72,-124,-96,-156,-124,-188,-128,-4,-4,-4,-32,-36,-36,-68,-56,-100,-68,-100,-96,-132,-120,-164,-128
702,0x5632fc425175,W,0x7ffc6907caac,1,-32,-4,-32,-32,-64,-44,-96,-64,-128,-68,-128,-96,-160,-108,-160,-132,0,-20,-32,-28,-64,-32,-64,-60,-96,-84,-96,-96,-128,-116,-160,-124
704,0x5632fc425178,R,0x7ffc6907caac,1,-32,0,-32,-12,-64,-36,-64,-64,-96,-68,-128,-76,-160,-100,-160,-128,0,-20,-32,-28,-64,-52,-64,-64,-96,-92,-128,-96,-160,-116,-160,-128
707,0x5632fc425185,R,0x7ffc6907caac,1,0,0,-32,-4,-64,-32,-64,-44,-96,-68,-128,-76,-160,-96,-160,-108,-32,-20,-32,-32,-64,-60,-64,-84,-96,-92,-128,-96,-160,-124,-160,-148
711,0x5632fc42518d,W,0x7ffc6907ca98,1,-20,-20,-52,-24,-84,-32,-84,-56,-116,-84,-116,-96,-148,-116,-180,-120,-12,-8,-12,-32,-44,-44,-76,-64,-108,-72,-108,-96,-140,-108,-140,-136
714,0x5632fc42516d,W,0x7ffc6907ca90,1,-28,-8,-28,-32,-60,-40,-92,-60,-124,-72,-124,-96,-156,-124,-188,-128,-4,-4,-4,-32,-36,-36,-68,-56,-100,-68,-100,-96,-132,-120,-164,-128
718,0x5632fc425175,W,0x7ffc6907ca8c,1,-32,-4,-32,-32,-64,-44,-96,-64,-128,-68,-128,-96,-160,-108,-160,-132,0,-20,-32,-28,-64,-32,-64,-60,-96,-84,-96,-96,-128,-116,-160,-124
720,0x5632fc425178,R,0x7ffc6907ca8c,1,-32,0,-32,-12,-64,-36,-64,-64,-96,-68,-128,-76,-160,-100,-160,-128,0,-20,-32,-28,-64,-52,-64,-64,-96,-92,-128,-96,-160,-116,-160,-128
723,0x5632fc425185,R,0x7ffc6907ca8c,1,0,0,-32,-4,-64,-32,-64,-44,-96,-68,-128,-76,-160,-96,-160,-108,-32,-20,-32,-32,-64,-60,-64,-84,-96,-92,-128,-96,-160,-124,-160,-148
727,0x5632fc42518d,W,0x7ffc6907ca78,1,-20,-20,-52,-24,-84,-32,-84,-56,-116,-84,-116,-96,-148,-116,-180,-120,-12,-8,-12,-32,-44,-44,-76,-64,-108,-72,-108,-96,-140,-108,-140,-136
730,0x5632fc42516d,W,0x7ffc6907ca70,1,-28,-8,-28,-32,-60,-40,-92,-60,-124,-72,-124,-96,-156,-124,-188,-128,-4,-4,-4,-32,-36,-36,-68,-56,-100,-68,-100,-96,-132,-120,-164,-128
734,0x5632fc425175,W,0x7ffc6907ca6c,1,-32,-4,-32,-32,-64,-44,-96,-64,-128,-68,-128,-96,-160,-108,-160,-132,0,-20,-32,-28,-64,-32,-64,-60,-96,-84,-96,-96,-128,-116,-160,-124
736,0x5632fc425178,R,0x7ffc6907ca6c,1,-32,0,-32,-12,-64,-36,-64,-64,-96,-68,-128,-76,-160,-100,-160,-128,0,-20,-32,-28,-64,-52,-64,-64,-96,-92,-128,-96,-160,-116,-160,-128
739,0x5632fc425185,R,0x7ffc6907ca6c,1,0,0,-32,-4,-64,-32,-64,-44,-96,-68,-128,-76,-160,-96,-160,-108,-32,-20,-32,-32,-64,-60,-64,-84,-96,-92,-128,-96,-160,-124,-160,-148
743,0x5632fc42518d,W,0x7ffc6907ca58,1,-20,-20,-52,-24,-84,-32,-84,-56,-116,-84,-116,-96,-148,-116,-180,-120,-12,-8,-12,-32,-44,-44,-76,-64,-108,-72,-108,-96,-140,-108,-140,-136
746,0x5632fc42516d,W,0x7ffc6907ca50,1,-28,-8,-28,-32,-60,-40,-92,-60,-124,-72,-124,-96,-156,-124,-188,-128,-4,-4,-4,-32,-36,-36,-68,-56,-100,-68,-100,-96,-132,-120,-164,-128
750,0x5632fc425175,W,0x7ffc6907ca4c,1,-32,-4,-32,-32,-64,-44,-96,-64,-128,-68,-128,-96,-160,-108,-160,-132,0,-20,-32,-28,-64,-32,-64,-60,-96,-84,-96,-96,-128,-116,-160,-124
752,0x5632fc425178,R,0x7ffc6907ca4c,1,-32,0,-32,-12,-64,-36,-64,-64,-96,-68,-128,-76,-160,-100,-160,-128,0,-20,-32,-28,-64,-52,-64,-64,-96,-92,-128,-96,-160,-116,-160,-128
755,0x5632fc425185,R,0x7ffc6907ca4c,1,0,0,-32,-4,-64,-32,-64,-44,-96,-68,-128,-76,-160,-96,-160,-108,-32,-20,-32,-32,-64,-60,-64,-84,-96,-92,-128,-96,-160,-124,-160,-148
759,0x5632fc42518d,W,0x7ffc6907ca38,1,-20,-20,-52,-24,-84,-32,-84,-56,-116,-84,-116,-96,-148,-116,-180,-120,-12,-8,-12,-32,-44,-44,-76,-64,-108,-72,-108,-96,-140,-108,-140,-136
762,0x5632fc42516d,W,0x7ffc6907ca30,1,-28,-8,-28,-32,-60,-40,-92,-60,-124,-72,-124,-96,-156,-124,-188,-128,-4,-4,-4,-32,-36,-36,-68,-56,-100,-68,-100,-96,-132,-120,-164,-128
766,0x5632fc425175,W,0x7ffc6907ca2c,1,-32,-4,-32,-32,-64,-44,-96,-64,-128,-68,-128,-96,-160,-108,-160,-132,0,-20,-32,-28,-64,-32,-64,-60,-96,-84,-96,-96,-128,-116,-160,-124
768,0x5632fc425178,R,0x7ffc6907ca2c,1,-32,0,-32,-12,-64,-36,-64,-64,-96,-68,-128,-76,-160,-100,-160,-128,0,-20,-32,-28,-64,-52,-64,-64,-96,-92,-128,-96,-160,-116,-160,-128
771,0x5632fc425185,R,0x7ffc6907ca2c,1,0,0,-32,-4,-64,-32,-64,-44,-96,-68,-128,-76,-160,-96,-160,-108,-32,-20,-32,-32,-64,-60,-64,-84,-96,-92,-128,-96,-160,-124,-160,-148
775,0x5632fc42518d,W,0x7ffc6907ca18,1,-20,-20,-52,-24,-84,-32,-84,-56,-116,-84,-116,-96,-148,-116,-180,-120,-12,-8,-12,-32,-44,-44,-76,-64,-108,-72,-108,-96,-140,-108,-140,-136
778,0x5632fc42516d,W,0x7ffc6907ca10,1,-28,-8,-28,-32,-60,-40,-92,-60,-124,-72,-124,-96,-156,-124,-188,-128,-4,-4,-4,-32,-36,-36,-68,-56,-100,-68,-100,-96,-132,-120,-164,-128
782,0x5632fc425175,W,0x7ffc6907ca0c,1,-32,-4,-32,-32,-64,-44,-96,-64,-128,-68,-128,-96,-160,-108,-160,-132,0,-20,-32,-28,-64,-32,-64,-60,-96,-84,-96,-96,-128,-116,-160,-124
784,0x5632fc425178,R,0x7ffc6907ca0c,1,-32,0,-32,-12,-64,-36,-64,-64,-96,-68,-128,-76,-160,-100,-160,-128,0,-20,-32,-28,-64,-52,-64,-64,-96,-92,-128,-96,-160,-116,-160,-128
787,0x5632fc425185,R,0x7ffc6907ca0c,1,0,0,-32,-4,-64,-32,-64,-44,-96,-68,-128,-76,-160,-96,-160,-108,-32,-20,-32,-32,-64,-60,-64,-84,-96,-92,-128,-96,-160,-124,-160,-148
791,0x5632fc42518d,W,0x7ffc6907c9f8,1,-20,-20,-52,-24,-84,-32,-84,-56,-116,-84,-116,-96,-148,-116,-180,-120,-12,-8,-12,-32,-44,-44,-76,-64,-108,-72,-108,-96,-140,-108,-140,-136
794,0x5632fc42516d,W,0x7ffc6907c9f0,1,-28,-8,-28,-32,-60,-40,-92,-60,-124,-72,-124,-96,-156,-124,-188,-128,-4,-4,-4,-32,-36,-36,-68,-56,-100,-68,-100,-96,-132,-120,-164,-128
798,0x5632fc425175,W,0x7ffc6907c9ec,1,-32,-4,-32,-32,-64,-44,-96,-64,-128,-68,-128,-96,-160,-108,-160,-132,0,-20,-32,-28,-64,-32,-64,-60,-96,-84,-96,-96,-128,-116,-156,-124
800,0x5632fc425178,R,0x7ffc6907c9ec,1,-32,0,-32,-12,-64,-36,-64,-64,-96,-68,-128,-76,-160,-100,-160,-128,0,-20,-32,-28,-64,-52,-64,-64,-96,-92,-128,-96,-160,-116,-156,-128
803,0x5632fc425185,R,0x7ffc6907c9ec,1,0,0,-32,-4,-64,-32,-64,-44,-96,-68,-128,-76,-160,-96,-160,-108,-32,-20,-32,-32,-64,-60,-64,-84,-96,-92,-128,-96,-160,-124,-156,-148
807,0x5632fc42518d,W,0x7ffc6907c9d8,1,-20,-20,-52,-24,-84,-32,-84,-56,-116,-84,-116,-96,-148,-116,-180,-120,-12,-8,-12,-32,-44,-44,-76,-64,-108,-72,-108,-96,-140,-108,-136,-136
810,0x5632fc42516d,W,0x7ffc6907c9d0,1,-28,-8,-28,-32,-60,-40,-92,-60,-124,-72,-124,-96,-156,-124,-188,-128,-4,-4,-4,-32,-36,-36,-68,-56,-100,-68,-100,-96,-132,-120,-120,-128
814,0x5632fc425175,W,0x7ffc6907c9cc,1,-32,-4,-32,-32,-64,-44,-96,-64,-128,-68,-128,-96,-160,-108,-160,-132,0,-20,-32,-28,-64,-32,-64,-60,-96,-84,-96,-96,-124,-116,-96,-124
816,0x5632fc425178,R,0x7ffc6907c9cc,1,-32,0,-32,-12,-64,-36,-64,-64,-96,-68,-128,-76,-160,-100,-160,-128,0,-20,-32,-28,-64,-52,-64,-64,-96,-92,-128,-96,-116,-116,-96,-128
819,0x5632fc425185,R,0x7ffc6907c9cc,1,0,0,-32,-4,-64,-32,-64,-44,-96,-68,-128,-76,-160,-96,-160,-108,-32,-20,-32,-32,-64,-60,-64,-84,-96,-92,-124,-96,-116,-124,-96,1520
823,0x5632fc42518d,W,0x7ffc6907c9b8,1,-20,-20,-52,-24,-84,-32,-84,-56,-116,-84,-116,-96,-148,-116,-180,-120,-12,-8,-12,-32,-44,-44,-76,-64,-108,-72,-104,-96,-96,-108,-76,1504
826,0x5632fc42516d,W,0x7ffc6907c9b0,1,-28,-8,-28,-32,-60,-40,-92,-60,-124,-72,-124,-96,-156,-124,-188,-128,-4,-4,-4,-32,-36,-36,-68,-56,-100,-68,-96,-96,-88,1548,-64,1512
830,0x5632fc425175,W,0x7ffc6907c9ac,1,-32,-4,-32,-32,-64,-44,-96,-64,-128,-68,-128,-96,-160,-108,-160,-132,0,-20,-32,-28,-64,-32,-64,-60,-96,-84,-92,-96,-64,1552,-52,1516
832,0x5632fc425178,R,0x7ffc6907c9ac,1,-32,0,-32,-12,-64,-36,-64,-64,-96,-68,-128,-76,-160,-100,-160,-128,0,-20,-32,-28,-64,-52,-64,-64,-96,-92,-84,-96,-60,1552,-52,1300
835,0x5632fc425185,R,0x7ffc6907c9ac,1,0,0,-32,-4,-64,-32,-64,-44,-96,-68,-128,-76,-160,-96,-160,-108,-32,-20,-32,-32,-64,-60,-64,-84,-92,-92,-64,-96,-60,1516,-52,1292
839,0x5632fc42518d,W,0x7ffc6907c998,1,-20,-20,-52,-24,-84,-32,-84,-56,-116,-84,-116,-96,-148,-116,-180,-120,-12,-8,-12,-32,-44,-44,-76,-64,-64,-72,-44,1572,-40,1320,-32,1312
842,0x5632fc42516d,W,0x7ffc6907c990,1,-28,-8,-28,-32,-60,-40,-92,-60,-124,-72,-124,-96,-156,-124,-188,-128,-4,-4,-4,-32,-36,-36,-64,-56,-56,-68,-36,1544,-32,1320,-4,1320
846,0x5632fc425175,W,0x7ffc6907c98c,1,-32,-4,-32,-32,-64,-44,-96,-64,-128,-68,-128,-96,-160,-108,-160,-132,0,-20,-32,-28,-64,-32,-60,-60,-52,1584,-32,1332,-20,1324,4,1324
848,0x5632fc425178,R,0x7ffc6907c98c,1,-32,0,-32,-12,-64,-36,-64,-64,-96,-68,-128,-76,-160,-100,-160,-128,0,-20,-32,-28,-64,-52,-60,-64,-52,1548,-28,1332,0,1324,4,-45945090034044
851,0x5632fc425185,R,0x7ffc6907c98c,1,0,0,-32,-4,-64,-32,-64,-44,-96,-68,-128,-76,-160,-96,-160,-108,-32,-20,-32,-32,-64,-60,-60,1584,-32,1548,-20,1332,0,1324,4,-64
855,0x5632fc42518d,W,0x7ffc6907c978,1,-20,-20,-52,-24,-84,-32,-84,-56,-116,-84,-116,-96,-148,-116,-180,-120,-12,-8,-12,-32,-44,-44,-32,1604,-8,1568,0,1344,20,-45945090034024,24,1604
858,0x5632fc42516d,W,0x7ffc6907c970,1,-28,-8,-28,-32,-60,-40,-92,-60,-124,-72,-124,-96,-156,-124,-188,-128,-4,-4,-4,-32,-32,-36,-4,1612,0,1360,8,1352,28,1612,40,1612
862,0x5632fc425175,W,0x7ffc6907c96c,1,-32,-4,-32,-32,-64,-44,-96,-64,-128,-68,-128,-96,-160,-108,-160,-132,0,-20,-32,-28,-20,-32,0,1580,4,1356,12,-45945090034012,36,1616,64,1616
864,0x5632fc425178,R,0x7ffc6907c96c,1,-32,0,-32,-12,-64,-36,-64,-64,-96,-68,-128,-76,-160,-100,-160,-128,0,-20,-28,-28,-20,1616,0,1364,4,1356,32,-45945090034012,44,1616,68,1616
867,0x5632fc425185,R,0x7ffc6907c96c,1,0,0,-32,-4,-64,-32,-64,-44,-96,-68,-128,-76,-160,-96,-160,-108,-32,-20,-28,-32,-20,1580,0,1356,12,1356,36,-45945090034012,64,1616,76,1616
871,0x5632fc42518d,W,0x7ffc6907c958,1,-20,-20,-52,-24,-84,-32,-84,-56,-116,-84,-116,-96,-148,-116,-180,-120,-12,-8,-8,1636,0,1384,24,1376,52,1376,64,-45945090033992,88,1636,116,1636
874,0x5632fc42516d,W,0x7ffc6907c950,1,-28,-8,-28,-32,-60,-40,-92,-60,-124,-72,-124,-96,-156,-124,-188,-128,-4,-4,0,1608,28,1392,40,1384,64,1384,92,-45945090033984,104,1644,128,1644
878,0x5632fc425175,W,0x7ffc6907c94c,1,-32,-4,-32,-32,-64,-44,-96,-64,-128,-68,-128,-96,-160,-108,-160,-132,0,1648,12,1612,36,1396,64,1388,76,1388,100,-45945090033980,128,1648,140,1648
880,0x5632fc425178,R,0x7ffc6907c94c,1,-32,0,-32,-12,-64,-36,-64,-64,-96,-68,-128,-76,-160,-100,-160,-128,4,1648,32,1612,44,1396,68,1388,96,1388,108,-45945090033980,132,1648,160,1648
885,0x5632fc425197,R,0x7ffc6907c950,1,4,4,-28,0,-60,-28,-60,-40,-92,-64,-124,-72,-156,-92,-156,-104,8,1644,32,1608,60,1392,72,1384,96,1384,124,-45945090033984,136,1644,160,1644
887,0x5632fc425198,R,0x7ffc6907c958,1,8,12,-20,8,-52,0,-52,-24,-84,-52,-84,-64,-116,-84,-148,-88,20,1636,32,1600,56,1384,84,1376,96,1376,120,-45945090033992,148,1636,160,1636
889,0x5632fc425192,R,0x7ffc6907c96c,1,20,32,32,28,0,20,-32,0,-64,-12,-64,-36,-96,-64,-128,-68,4,1616,32,1580,44,1364,68,1356,96,1356,108,-45945090034012,132,1616,160,1616
892,0x5632fc425197,R,0x7ffc6907c970,1,4,36,32,32,4,24,-28,4,-60,0,-60,-28,-92,-40,-92,-64,8,1612,32,1576,60,1360,72,1352,96,1352,124,-45945090034016,136,1612,160,1612
894,0x5632fc425198,R,0x7ffc6907c978,1,8,44,32,40,44,32,12,12,-20,8,-52,0,-84,-24,-84,-52,20,1604,32,1568,56,1352,84,1344,96,1344,120,-45945090034024,148,1604,160,1604
896,0x5632fc425192,R,0x7ffc6907c98c,1,20,64,32,60,60,52,32,32,0,28,-32,20,-64,0,-64,-12,4,1584,32,1548,44,1332,68,1324,96,1324,108,-45945090034044,132,1584,160,1584
899,0x5632fc425197,R,0x7ffc6907c990,1,4,68,32,64,56,56,68,36,36,32,4,24,-28,4,-60,0,8,1580,32,1544,60,1328,72,1320,96,1320,124,-45945090034048,136,1580,160,1580
901,0x5632fc425198,R,0x7ffc6907c998,1,8,76,32,72,44,64,72,44,44,40,12,32,-20,12,-52,8,20,1572,32,1536,56,1320,84,1312,96,1312,120,-45945090034056,148,1572,160,1572
903,0x5632fc425192,R,0x7ffc6907c9ac,1,20,96,32,92,60,84,84,64,96,60,64,52,32,32,0,28,4,1552,32,1516,44,1300,68,1292,96,1292,108,-45945090034076,132,1552,160,1552
906,0x5632fc425197,R,0x7ffc6907c9b0,1,4,100,32,96,56,88,68,68,96,64,68,56,36,36,4,32,8,1548,32,1512,60,1296,72,1288,96,1288,124,-45945090034080,136,1548,160,1548
908,0x5632fc425198,R,0x7ffc6907c9b8,1,8,108,32,104,44,96,72,76,96,72,108,64,76,44,44,40,20,1540,32,1504,56,1288,84,1280,96,1280,120,-45945090034088,148,1540,160,1540
910,0x5632fc425192,R,0x7ffc6907c9cc,1,20,128,32,124,60,116,84,96,96,92,124,84,96,64,64,60,4,1520,32,1484,44,1268,68,1260,96,1260,108,-45945090034108,132,1520,160,1520
913,0x5632fc425197,R,0x7ffc6907c9d0,1,4,132,32,128,56,120,68,100,96,96,120,88,132,68,100,64,8,1516,32,1480,60,1264,72,1256,96,1256,124,-45945090034112,136,1516,160,1516
915,0x5632fc425198,R,0x7ffc6907c9d8,1,8,140,32,136,44,128,72,108,96,104,108,96,136,76,108,72,20,1508,32,1472,56,1256,84,1248,96,1248,120,-45945090034120,148,1508,160,1508
917,0x5632fc425192,R,0x7ffc6907c9ec,1,20,160,32,156,60,148,84,128,96,124,124,116,148,96,160,92,4,1488,32,1452,44,1236,68,1228,96,1228,108,-45945090034140,132,1488,160,1488
920,0x5632fc425197,R,0x7ffc6907c9f0,1,4,164,32,160,56,152,68,132,96,128,120,120,132,100,160,96,8,1484,32,1448,60,1232,72,1224,96,1224,124,-45945090034144,136,1484,160,1484
922,0x5632fc425198,R,0x7ffc6907c9f8,1,8,172,32,168,44,160,72,140,96,136,108,128,136,108,160,104,20,1476,32,1440,56,1224,84,1216,96,1216,120,-45945090034152,148,1476,160,1476
924,0x5632fc425192,R,0x7ffc6907ca0c,1,20,192,32,188,60,180,84,160,96,156,124,148,148,128,160,124,4,1456,32,1420,44,1204,68,1196,96,1196,108,-45945090034172,132,1456,160,1456
927,0x5632fc425197,R,0x7ffc6907ca10,1,4,196,32,192,56,184,68,164,96,160,120,152,132,132,160,128,8,1452,32,1416,60,1200,72,1192,96,1192,124,-45945090034176,136,1452,160,1452
929,0x5632fc425198,R,0x7ffc6907ca18,1,8,204,32,200,44,192,72,172,96,168,108,160,136,140,160,136,20,1444,32,1408,56,1192,84,1184,96,1184,120,-45945090034184,148,1444,160,1444
931,0x5632fc425192,R,0x7ffc6907ca2c,1,20,224,32,220,60,212,84,192,96,188,124,180,148,160,160,156,4,1424,32,1388,44,1172,68,1164,96,1164,108,-45945090034204,132,1424,160,1424
934,0x5632fc425197,R,0x7ffc6907ca30,1,4,228,32,224,56,216,68,196,96,192,120,184,132,164,160,160,8,1420,32,1384,60,1168,72,1160,96,1160,124,-45945090034208,136,1420,160,1420
936,0x5632fc425198,R,0x7ffc6907ca38,1,8,236,32,232,44,224,72,204,96,200,108,192,136,172,160,168,20,1412,32,1376,56,1160,84,1152,96,1152,120,-45945090034216,148,1412,160,1412
938,0x5632fc425192,R,0x7ffc6907ca4c,1,20,256,32,252,60,244,84,224,96,220,124,212,148,192,160,188,4,1392,32,1356,44,1140,68,1132,96,1132,108,-45945090034236,132,1392,160,1392
941,0x5632fc425197,R,0x7ffc6907ca50,1,4,260,32,256,56,248,68,228,96,224,120,216,132,196,160,192,8,1388,32,1352,60,1136,72,1128,96,1128,124,-45945090034240,136,1388,160,1388
943,0x5632fc425198,R,0x7ffc6907ca58,1,8,268,32,264,44,256,72,236,96,232,108,224,136,204,160,200,20,1380,32,1344,56,1128,84,1120,96,1120,120,-45945090034248,148,1380,160,1380
945,0x5632fc425192,R,0x7ffc6907ca6c,1,20,288,32,284,60,276,84,256,96,252,124,244,148,224,160,220,4,1360,32,1324,44,1108,68,1100,96,1100,108,-45945090034268,132,1360,160,1360
948,0x5632fc425197,R,0x7ffc6907ca70,1,4,292,32,288,56,280,68,260,96,256,120,248,132,228,160,224,8,1356,32,1320,60,1104,72,1096,96,1096,124,-45945090034272,136,1356,160,1356
950,0x5632fc425198,R,0x7ffc6907ca78,1,8,300,32,296,44,288,72,268,96,264,108,256,136,236,160,232,20,1348,32,1312,56,1096,84,1088,96,1088,120,-45945090034280,148,1348,160,1348
952,0x5632fc425192,R,0x7ffc6907ca8c,1,20,320,32,316,60,308,84,288,96,284,124,276,148,256,160,252,4,1328,32,1292,44,1076,68,1068,96,1068,108,-45945090034300,132,1328,160,1328
955,0x5632fc425197,R,0x7ffc6907ca90,1,4,324,32,320,56,312,68,292,96,288,120,280,132,260,160,256,8,1324,32,1288,60,1072,72,1064,96,1064,124,-45945090034304,136,1324,160,1324
957,0x5632fc425198,R,0x7ffc6907ca98,1,8,332,32,328,44,320,72,300,96,296,108,288,136,268,160,264,20,1316,32,1280,56,1064,84,1056,96,1056,120,-45945090034312,148,1316,160,1316
959,0x5632fc425192,R,0x7ffc6907caac,1,20,352,32,348,60,340,84,320,96,316,124,308,148,288,160,284,4,1296,32,1260,44,1044,68,1036,96,1036,108,-45945090034332,132,1296,160,1296
962,0x5632fc425197,R,0x7ffc6907cab0,1,4,356,32,352,56,344,68,324,96,320,120,312,132,292,160,288,8,1292,32,1256,60,1040,72,1032,96,1032,124,-45945090034336,136,1292,160,1292
964,0x5632fc425198,R,0x7ffc6907cab8,1,8,364,32,360,44,352,72,332,96,328,108,320,136,300,160,296,20,1284,32,1248,56,1032,84,1024,96,1024,120,-45945090034344,148,1284,160,1284
966,0x5632fc425192,R,0x7ffc6907cacc,1,20,384,32,380,60,372,84,352,96,348,124,340,148,320,160,316,4,1264,32,1228,44,1012,68,1004,96,1004,108,-45945090034364,132,1264,160,1264
969,0x5632fc425197,R,0x7ffc6907cad0,1,4,388,32,384,56,376,68,356,96,352,120,344,132,324,160,320,8,1260,32,1224,60,1008,72,1000,96,1000,124,-45945090034368,136,1260,160,1260
971,0x5632fc425198,R,0x7ffc6907cad8,1,8,396,32,392,44,384,72,364,96,360,108,352,136,332,160,328,20,1252,32,1216,56,1000,84,992,96,992,120,-45945090034376,148,1252,160,1252
973,0x5632fc425192,R,0x7ffc6907caec,1,20,416,32,412,60,404,84,384,96,380,124,372,148,352,160,348,4,1232,32,1196,44,980,68,972,96,972,108,-45945090034396,132,1232,160,1232
976,0x5632fc425197,R,0x7ffc6907caf0,1,4,420,32,416,56,408,68,388,96,384,120,376,132,356,160,352,8,1228,32,1192,60,976,72,968,96,968,124,-45945090034400,136,1228,160,1228
978,0x5632fc425198,R,0x7ffc6907caf8,1,8,428,32,424,44,416,72,396,96,392,108,384,136,364,160,360,20,1220,32,1184,56,968,84,960,96,960,120,-45945090034408,148,1220,160,1220
980,0x5632fc425192,R,0x7ffc6907cb0c,1,20,448,32,444,60,436,84,416,96,412,124,404,148,384,160,380,4,1200,32,1164,44,948,68,940,96,940,108,-45945090034428,132,1200,160,1200
983,0x5632fc425197,R,0x7ffc6907cb10,1,4,452,32,448,56,440,68,420,96,416,120,408,132,388,160,384,8,1196,32,1160,60,944,72,936,96,936,124,-45945090034432,136,1196,160,1196
985,0x5632fc425198,R,0x7ffc6907cb18,1,8,460,32,456,44,448,72,428,96,424,108,416,136,396,160,392,20,1188,32,1152,56,936,84,928,96,928,120,-45945090034440,148,1188,160,1188
987,0x5632fc425192,R,0x7ffc6907cb2c,1,20,480,32,476,60,468,84,448,96,444,124,436,148,416,160,412,4,1168,32,1132,44,916,68,908,96,908,108,-45945090034460,132,1168,160,1168
990,0x5632fc425197,R,0x7ffc6907cb30,1,4,484,32,480,56,472,68,452,96,448,120,440,132,420,160,416,8,1164,32,1128,60,912,72,904,96,904,124,-45945090034464,136,1164,160,1164
992,0x5632fc425198,R,0x7ffc6907cb38,1,8,492,32,488,44,480,72,460,96,456,108,448,136,428,160,424,20,1156,32,1120,56,904,84,896,96,896,120,-45945090034472,148,1156,160,1156
994,0x5632fc425192,R,0x7ffc6907cb4c,1,20,512,32,508,60,500,84,480,96,476,124,468,148,448,160,444,4,1136,32,1100,44,884,68,876,96,876,108,-45945090034492,132,1136,160,1136
997,0x5632fc425197,R,0x7ffc6907cb50,1,4,516,32,512,56,504,68,484,96,480,120,472,132,452,160,448,8,1132,32,1096,60,880,72,872,96,872,124,-45945090034496,136,1132,160,1132
999,0x5632fc425198,R,0x7ffc6907cb58,1,8,524,32,520,44,512,72,492,96,488,108,480,136,460,160,456,20,1124,32,1088,56,872,84,864,96,864,120,-45945090034504,148,1124,160,1124
1001,0x5632fc425192,R,0x7ffc6907cb6c,1,20,544,32,540,60,532,84,512,96,508,124,500,148,480,160,476,4,1104,32,1068,44,852,68,844,96,844,108,-45945090034524,132,1104,160,1104
1004,0x5632fc425197,R,0x7ffc6907cb70,1,4,548,32,544,56,536,68,516,96,512,120,504,132,484,160,480,8,1100,32,1064,60,848,72,840,96,840,124,-45945090034528,136,1100,160,1100
1006,0x5632fc425198,R,0x7ffc6907cb78,1,8,556,32,552,44,544,72,524,96,520,108,512,136,492,160,488,20,1092,32,1056,56,840,84,832,96,832,120,-45945090034536,148,1092,160,1092
1008,0x5632fc425192,R,0x7ffc6907cb8c,1,20,576,32,572,60,564,84,544,96,540,124,532,148,512,160,508,4,1072,32,1036,44,820,68,812,96,812,108,-45945090034556,132,1072,160,1072
1011,0x5632fc425197,R,0x7ffc6907cb90,1,4,580,32,576,56,568,68,548,96,544,120,536,132,516,160,512,8,1068,32,1032,60,816,72,808,96,808,124,-45945090034560,136,1068,160,1068
1013,0x5632fc425198,R,0x7ffc6907cb98,1,8,588,32,584,44,576,72,556,96,552,108,544,136,524,160,520,20,1060,32,1024,56,808,84,800,96,800,120,-45945090034568,148,1060,160,1060
1015,0x5632fc425192,R,0x7ffc6907cbac,1,20,608,32,604,60,596,84,576,96,572,124,564,148,544,160,540,4,1040,32,1004,44,788,68,780,96,780,108,-45945090034588,132,1040,160,1040
1018,0x5632fc425197,R,0x7ffc6907cbb0,1,4,612,32,608,56,600,68,580,96,576,120,568,132,548,160,544,8,1036,32,1000,60,784,72,776,96,776,124,-45945090034592,136,1036,160,1036
1020,0x5632fc425198,R,0x7ffc6907cbb8,1,8,620,32,616,44,608,72,588,96,584,108,576,136,556,160,552,20,1028,32,992,56,776,84,768,96,768,120,-45945090034600,148,1028,160,1028
1022,0x5632fc425192,R,0x7ffc6907cbcc,1,20,640,32,636,60,628,84,608,96,604,124,596,148,576,160,572,4,1008,32,972,44,756,68,748,96,748,108,-45945090034620,132,1008,160,1008
1025,0x5632fc425197,R,0x7ffc6907cbd0,1,4,644,32,640,56,632,68,612,96,608,120,600,132,580,160,576,8,1004,32,968,60,752,72,744,96,744,124,-45945090034624,136,1004,160,1004
1027,0x5632fc425198,R,0x7ffc6907cbd8,1,8,652,32,648,44,640,72,620,96,616,108,608,136,588,160,584,20,996,32,960,56,744,84,736,96,736,120,-45945090034632,148,996,160,996
1029,0x5632fc425192,R,0x7ffc6907cbec,1,20,672,32,668,60,660,84,640,96,636,124,628,148,608,160,604,4,976,32,940,44,724,68,716,96,716,108,-45945090034652,132,976,160,976
1032,0x5632fc425197,R,0x7ffc6907cbf0,1,4,676,32,672,56,664,68,644,96,640,120,632,132,612,160,608,8,972,32,936,60,720,72,712,96,712,124,-45945090034656,136,972,160,972
1034,0x5632fc425198,R,0x7ffc6907cbf8,1,8,684,32,680,44,672,72,652,96,648,108,640,136,620,160,616,20,964,32,928,56,712,84,704,96,704,120,-45945090034664,148,964,160,964
1036,0x5632fc425192,R,0x7ffc6907cc0c,1,20,704,32,700,60,692,84,672,96,668,124,660,148,640,160,636,4,944,32,908,44,692,68,684,96,684,108,-45945090034684,132,944,160,944
1039,0x5632fc425197,R,0x7ffc6907cc10,1,4,708,32,704,56,696,68,676,96,672,120,664,132,644,160,640,8,940,32,904,60,688,72,680,96,680,124,-45945090034688,136,940,160,940
1041,0x5632fc425198,R,0x7ffc6907cc18,1,8,716,32,712,44,704,72,684,96,680,108,672,136,652,160,648,20,932,32,896,56,680,84,672,96,672,120,-45945090034696,148,932,160,932
1043,0x5632fc425192,R,0x7ffc6907cc2c,1,20,736,32,732,60,724,84,704,96,700,124,692,148,672,160,668,4,912,32,876,44,660,68,652,96,652,108,-45945090034716,132,912,160,912
1046,0x5632fc425197,R,0x7ffc6907cc30,1,4,740,32,736,56,728,68,708,96,704,120,696,132,676,160,672,8,908,32,872,60,656,72,648,96,648,124,-45945090034720,136,908,160,908
1048,0x5632fc425198,R,0x7ffc6907cc38,1,8,748,32,744,44,736,72,716,96,712,108,704,136,684,160,680,20,900,32,864,56,648,84,640,96,640,120,-45945090034728,148,900,160,900
1050,0x5632fc425192,R,0x7ffc6907cc4c,1,20,768,32,764,60,756,84,736,96,732,124,724,148,704,160,700,4,880,32,844,44,628,68,620,96,620,108,-45945090034748,132,880,160,880
1053,0x5632fc425197,R,0x7ffc6907cc50,1,4,772,32,768,56,760,68,740,96,736,120,728,132,708,160,704,8,876,32,840,60,624,72,616,96,616,124,-45945090034752,136,876,160,876
1055,0x5632fc425198,R,0x7ffc6907cc58,1,8,780,32,776,44,768,72,748,96,744,108,736,136,716,160,712,20,868,32,832,56,616,84,608,96,608,120,-45945090034760,148,868,160,868
1057,0x5632fc425192,R,0x7ffc6907cc6c,1,20,800,32,796,60,788,84,768,96,764,124,756,148,736,160,732,4,848,32,812,44,596,68,588,96,588,108,-45945090034780,132,848,160,848
1060,0x5632fc425197,R,0x7ffc6907cc70,1,4,804,32,800,56,792,68,772,96,768,120,760,132,740,160,736,8,844,32,808,60,592,72,584,96,584,124,-45945090034784,136,844,160,844
1062,0x5632fc425198,R,0x7ffc6907cc78,1,8,812,32,808,44,800,72,780,96,776,108,768,136,748,160,744,20,836,32,800,56,584,84,576,96,576,120,-45945090034792,148,836,160,836
1064,0x5632fc425192,R,0x7ffc6907cc8c,1,20,832,32,828,60,820,84,800,96,796,124,788,148,768,160,764,4,816,32,780,44,564,68,556,96,556,108,-45945090034812,132,816,160,816
1067,0x5632fc425197,R,0x7ffc6907cc90,1,4,836,32,832,56,824,68,804,96,800,120,792,132,772,160,768,8,812,32,776,60,560,72,552,96,552,124,-45945090034816,136,812,160,812
1069,0x5632fc425198,R,0x7ffc6907cc98,1,8,844,32,840,44,832,72,812,96,808,108,800,136,780,160,776,20,804,32,768,56,552,84,544,96,544,120,-45945090034824,148,804,160,804
1071,0x5632fc425192,R,0x7ffc6907ccac,1,20,864,32,860,60,852,84,832,96,828,124,820,148,800,160,796,4,784,32,748,44,532,68,524,96,524,108,-45945090034844,132,784,160,784
1074,0x5632fc425197,R,0x7ffc6907ccb0,1,4,868,32,864,56,856,68,836,96,832,120,824,132,804,160,800,8,780,32,744,60,528,72,520,96,520,124,-45945090034848,136,780,160,780
1076,0x5632fc425198,R,0x7ffc6907ccb8,1,8,876,32,872,44,864,72,844,96,840,108,832,136,812,160,808,20,772,32,736,56,520,84,512,96,512,120,-45945090034856,148,772,160,772
1078,0x5632fc425192,R,0x7ffc6907cccc,1,20,896,32,892,60,884,84,864,96,860,124,852,148,832,160,828,4,752,32,716,44,500,68,492,96,492,108,-45945090034876,132,752,160,752
1081,0x5632fc425197,R,0x7ffc6907ccd0,1,4,900,32,896,56,888,68,868,96,864,120,856,132,836,160,832,8,748,32,712,60,496,72,488,96,488,124,-45945090034880,136,748,160,748
1083,0x5632fc425198,R,0x7ffc6907ccd8,1,8,908,32,904,44,896,72,876,96,872,108,864,136,844,160,840,20,740,32,704,56,488,84,480,96,480,120,-45945090034888,148,740,160,740
1085,0x5632fc425192,R,0x7ffc6907ccec,1,20,928,32,924,60,916,84,896,96,892,124,884,148,864,160,860,4,720,32,684,44,468,68,460,96,460,108,-45945090034908,132,720,160,720
1088,0x5632fc425197,R,0x7ffc6907ccf0,1,4,932,32,928,56,920,68,900,96,896,120,888,132,868,160,864,8,716,32,680,60,464,72,456,96,456,124,-45945090034912,136,716,160,716
1090,0x5632fc425198,R,0x7ffc6907ccf8,1,8,940,32,936,44,928,72,908,96,904,108,896,136,876,160,872,20,708,32,672,56,456,84,448,96,448,120,-45945090034920,148,708,160,708
1092,0x5632fc425192,R,0x7ffc6907cd0c,1,20,960,32,956,60,948,84,928,96,924,124,916,148,896,160,892,4,688,32,652,44,436,68,428,96,428,108,-45945090034940,132,688,160,688
1095,0x5632fc425197,R,0x7ffc6907cd10,1,4,964,32,960,56,952,68,932,96,928,120,920,132,900,160,896,8,684,32,648,60,432,72,424,96,424,124,-45945090034944,136,684,160,684
1097,0x5632fc425198,R,0x7ffc6907cd18,1,8,972,32,968,44,960,72,940,96,936,108,928,136,908,160,904,20,676,32,640,56,424,84,416,96,416,120,-45945090034952,148,676,160,676
1099,0x5632fc425192,R,0x7ffc6907cd2c,1,20,992,32,988,60,980,84,960,96,956,124,948,148,928,160,924,4,656,32,620,44,404,68,396,96,396,108,-45945090034972,132,656,160,656
1102,0x5632fc425197,R,0x7ffc6907cd30,1,4,996,32,992,56,984,68,964,96,960,120,952,132,932,160,928,8,652,32,616,60,400,72,392,96,392,124,-45945090034976,136,652,160,652
1104,0x5632fc425198,R,0x7ffc6907cd38,1,8,1004,32,1000,44,992,72,972,96,968,108,960,136,940,160,936,20,644,32,608,56,392,84,384,96,384,120,-45945090034984,148,644,160,644
1106,0x5632fc425192,R,0x7ffc6907cd4c,1,20,1024,32,1020,60,1012,84,992,96,988,124,980,148,960,160,956,4,624,32,588,44,372,68,364,96,364,108,-45945090035004,132,624,160,624
1109,0x5632fc425197,R,0x7ffc6907cd50,1,4,1028,32,1024,56,1016,68,996,96,992,120,984,132,964,160,960,8,620,32,584,60,368,72,360,96,360,124,-45945090035008,136,620,160,620
1111,0x5632fc425198,R,0x7ffc6907cd58,1,8,1036,32,1032,44,1024,72,1004,96,1000,108,992,136,972,160,968,20,612,32,576,56,360,84,352,96,352,120,-45945090035016,148,612,160,612
1113,0x5632fc425192,R,0x7ffc6907cd6c,1,20,1056,32,1052,60,1044,84,1024,96,1020,124,1012,148,992,160,988,4,592,32,556,44,340,68,332,96,332,108,-45945090035036,132,592,160,592
1116,0x5632fc425197,R,0x7ffc6907cd70,1,4,1060,32,1056,56,1048,68,1028,96,1024,120,1016,132,996,160,992,8,588,32,552,60,336,72,328,96,328,124,-45945090035040,136,588,160,588
1118,0x5632fc425198,R,0x7ffc6907cd78,1,8,1068,32,1064,44,1056,72,1036,96,1032,108,1024,136,1004,160,1000,20,580,32,544,56,328,84,320,96,320,120,-45945090035048,148,580,160,580
1120,0x5632fc425192,R,0x7ffc6907cd8c,1,20,1088,32,1084,60,1076,84,1056,96,1052,124,1044,148,1024,160,1020,4,560,32,524,44,308,68,300,96,300,108,-45945090035068,132,560,160,560
1123,0x5632fc425197,R,0x7ffc6907cd90,1,4,1092,32,1088,56,1080,68,1060,96,1056,120,1048,132,1028,160,1024,8,556,32,520,60,304,72,296,96,296,124,-45945090035072,136,556,160,556
1125,0x5632fc425198,R,0x7ffc6907cd98,1,8,1100,32,1096,44,1088,72,1068,96,1064,108,1056,136,1036,160,1032,20,548,32,512,56,296,84,288,96,288,120,-45945090035080,148,548,160,548
1127,0x5632fc425192,R,0x7ffc6907cdac,1,20,1120,32,1116,60,1108,84,1088,96,1084,124,1076,148,1056,160,1052,4,528,32,492,44,276,68,268,96,268,108,-45945090035100,132,528,160,528
1130,0x5632fc425197,R,0x7ffc6907cdb0,1,4,1124,32,1120,56,1112,68,1092,96,1088,120,1080,132,1060,160,1056,8,524,32,488,60,272,72,264,96,264,124,-45945090035104,136,524,160,524
1132,0x5632fc425198,R,0x7ffc6907cdb8,1,8,1132,32,1128,44,1120,72,1100,96,1096,108,1088,136,1068,160,1064,20,516,32,480,56,264,84,256,96,256,120,-45945090035112,148,516,160,516
1134,0x5632fc425192,R,0x7ffc6907cdcc,1,20,1152,32,1148,60,1140,84,1120,96,1116,124,1108,148,1088,160,1084,4,496,32,460,44,244,68,236,96,236,108,-45945090035132,132,496,160,496
1137,0x5632fc425197,R,0x7ffc6907cdd0,1,4,1156,32,1152,56,1144,68,1124,96,1120,120,1112,132,1092,160,1088,8,492,32,456,60,240,72,232,96,232,124,-45945090035136,136,492,160,492
1139,0x5632fc425198,R,0x7ffc6907cdd8,1,8,1164,32,1160,44,1152,72,1132,96,1128,108,1120,136,1100,160,1096,20,484,32,448,56,232,84,224,96,224,120,-45945090035144,148,484,160,484
1141,0x5632fc425192,R,0x7ffc6907cdec,1,20,1184,32,1180,60,1172,84,1152,96,1148,124,1140,148,1120,160,1116,4,464,32,428,44,212,68,204,96,204,108,-45945090035164,132,464,160,464
1144,0x5632fc425197,R,0x7ffc6907cdf0,1,4,1188,32,1184,56,1176,68,1156,96,1152,120,1144,132,1124,160,1120,8,460,32,424,60,208,72,200,96,200,124,-45945090035168,136,460,160,460
1146,0x5632fc425198,R,0x7ffc6907cdf8,1,8,1196,32,1192,44,1184,72,1164,96,1160,108,1152,136,1132,160,1128,20,452,32,416,56,200,84,192,96,192,120,-45945090035176,148,452,160,452
1148,0x5632fc425192,R,0x7ffc6907ce0c,1,20,1216,32,1212,60,1204,84,1184,96,1180,124,1172,148,1152,160,1148,4,432,32,396,44,180,68,172,96,172,108,-45945090035196,132,432,160,432
1151,0x5632fc425197,R,0x7ffc6907ce10,1,4,1220,32,1216,56,1208,68,1188,96,1184,120,1176,132,1156,160,1152,8,428,32,392,60,176,72,168,96,168,124,-45945090035200,136,428,160,428
1153,0x5632fc425198,R,0x7ffc6907ce18,1,8,1228,32,1224,44,1216,72,1196,96,1192,108,1184,136,1164,160,1160,20,420,32,384,56,168,84,160,96,160,120,-45945090035208,148,420,160,420
1155,0x5632fc425192,R,0x7ffc6907ce2c,1,20,1248,32,1244,60,1236,84,1216,96,1212,124,1204,148,1184,160,1180,4,400,32,364,44,148,68,140,96,140,108,-45945090035228,132,400,160,400
1158,0x5632fc425197,R,0x7ffc6907ce30,1,4,1252,32,1248,56,1240,68,1220,96,1216,120,1208,132,1188,160,1184,8,396,32,360,60,144,72,136,96,136,124,-45945090035232,136,396,160,396
1160,0x5632fc425198,R,0x7ffc6907ce38,1,8,1260,32,1256,44,1248,72,1228,96,1224,108,1216,136,1196,160,1192,20,388,32,352,56,136,84,128,96,128,120,-45945090035240,148,388,160,388
1162,0x5632fc425192,R,0x7ffc6907ce4c,1,20,1280,32,1276,60,1268,84,1248,96,1244,124,1236,148,1216,160,1212,4,368,32,332,44,116,68,108,96,108,108,-45945090035260,132,368,160,368
1165,0x5632fc425197,R,0x7ffc6907ce50,1,4,1284,32,1280,56,1272,68,1252,96,1248,120,1240,132,1220,160,1216,8,364,32,328,60,112,72,104,96,104,124,-45945090035264,136,364,160,364
1167,0x5632fc425198,R,0x7ffc6907ce58,1,8,1292,32,1288,44,1280,72,1260,96,1256,108,1248,136,1228,160,1224,20,356,32,320,56,104,84,96,96,96,120,-45945090035272,148,356,160,356
1169,0x5632fc425192,R,0x7ffc6907ce6c,1,20,1312,32,1308,60,1300,84,1280,96,1276,124,1268,148,1248,160,1244,4,336,32,300,44,84,68,76,96,76,108,-45945090035292,132,336,160,336
1172,0x5632fc425197,R,0x7ffc6907ce70,1,4,1316,32,1312,56,1304,68,1284,96,1280,120,1272,132,1252,160,1248,8,332,32,296,60,80,72,72,96,72,124,-45945090035296,136,332,160,332
1174,0x5632fc425198,R,0x7ffc6907ce78,1,8,1324,32,1320,44,1312,72,1292,96,1288,108,1280,136,1260,160,1256,20,324,32,288,56,72,84,64,96,64,120,-45945090035304,148,324,160,324
1176,0x5632fc425192,R,0x7ffc6907ce8c,1,20,1344,32,1340,60,1332,84,1312,96,1308,124,1300,148,1280,160,1276,4,304,32,268,44,52,68,44,96,44,108,-45945090035324,132,304,160,304
1179,0x5632fc425197,R,0x7ffc6907ce90,1,4,1348,32,1344,56,1336,68,1316,96,1312,120,1304,132,1284,160,1280,8,300,32,264,60,48,72,40,96,40,124,-45945090035328,136,300,160,300
1181,0x5632fc425198,R,0x7ffc6907ce98,1,8,1356,32,1352,44,1344,72,1324,96,1320,108,1312,136,1292,160,1288,20,292,32,256,56,40,84,32,96,32,120,-45945090035336,148,292,160,292
1183,0x5632fc425192,R,0x7ffc6907ceac,1,20,1376,32,1372,60,1364,84,1344,96,1340,124,1332,148,1312,160,1308,4,272,32,236,44,20,68,12,96,12,108,-45945090035356,132,272,160,272
1186,0x5632fc425197,R,0x7ffc6907ceb0,1,4,1380,32,1376,56,1368,68,1348,96,1344,120,1336,132,1316,160,1312,8,268,32,232,60,16,72,8,96,8,124,-45945090035360,136,268,160,268
1188,0x5632fc425198,R,0x7ffc6907ceb8,1,8,1388,32,1384,44,1376,72,1356,96,1352,108,1344,136,1324,160,1320,20,260,32,224,56,8,84,0,96,0,120,-45945090035368,148,260,160,260
1190,0x5632fc425192,R,0x7ffc6907cecc,1,20,1408,32,1404,60,1396,84,1376,96,1372,124,1364,148,1344,160,1340,4,240,32,204,44,-12,68,-20,96,-20,108,-45945090035388,132,240,160,240
1193,0x5632fc425197,R,0x7ffc6907ced0,1,4,1412,32,1408,56,1400,68,1380,96,1376,120,1368,132,1348,160,1344,8,236,32,200,60,-16,72,-24,96,-24,124,-45945090035392,136,236,160,236
1195,0x5632fc425198,R,0x7ffc6907ced8,1,8,1420,32,1416,44,1408,72,1388,96,1384,108,1376,136,1356,160,1352,20,228,32,192,56,-24,84,-32,96,-32,120,-45945090035400,148,228,160,228
1197,0x5632fc425192,R,0x7ffc6907ceec,1,20,1440,32,1436,60,1428,84,1408,96,1404,124,1396,148,1376,160,1372,4,208,32,172,44,-44,68,-52,96,-52,108,-45945090035420,132,208,160,208
1200,0x5632fc425197,R,0x7ffc6907cef0,1,4,1444,32,1440,56,1432,68,1412,96,1408,120,1400,132,1380,160,1376,8,204,32,168,60,-48,72,-56,96,-56,124,-45945090035424,136,204,160,204
1202,0x5632fc425198,R,0x7ffc6907cef8,1,8,1452,32,1448,44,1440,72,1420,96,1416,108,1408,136,1388,160,1384,20,196,32,160,56,-56,84,-64,96,-64,120,-45945090035432,148,196,160,196
1204,0x5632fc425192,R,0x7ffc6907cf0c,1,20,1472,32,1468,60,1460,84,1440,96,1436,124,1428,148,1408,160,1404,4,176,32,140,44,-76,68,-84,96,-84,108,-45945090035452,132,176,176,176
1207,0x5632fc425197,R,0x7ffc6907cf10,1,4,1476,32,1472,56,1464,68,1444,96,1440,120,1432,132,1412,160,1408,8,172,32,136,60,-80,72,-88,96,-88,124,-45945090035456,136,172,-45945090035528,172
1209,0x5632fc425198,R,0x7ffc6907cf18,1,8,1484,32,1480,44,1472,72,1452,96,1448,108,1440,136,1420,160,1416,20,164,32,128,56,-88,84,-96,96,-96,120,-45945090035464,164,164,168,164
1211,0x5632fc425192,R,0x7ffc6907cf2c,1,20,1504,32,1500,60,1492,84,1472,96,1468,124,1460,148,1440,160,1436,4,144,32,108,44,-108,68,-116,96,-116,108,-45945090035484,-45945090035556,144,156,144
1214,0x5632fc425197,R,0x7ffc6907cf30,1,4,1508,32,1504,56,1496,68,1476,96,1472,120,1464,132,1444,160,1440,8,140,32,104,60,-112,72,-120,96,-120,140,-45945090035488,144,140,-45945090035488,140
1216,0x5632fc425198,R,0x7ffc6907cf38,1,8,1516,32,1512,44,1504,72,1484,96,1480,108,1472,136,1452,160,1448,20,132,32,96,56,-120,84,-128,96,-128,-45945090035568,-45945090035496,144,132,-45945090035520,132
1218,0x5632fc425192,R,0x7ffc6907cf4c,1,20,1536,32,1532,60,1524,84,1504,96,1500,124,1492,148,1472,160,1468,4,112,32,76,44,-140,68,-148,112,-148,116,-45945090035516,-45945090035516,112,-45945090035524,112
1221,0x5632fc425197,R,0x7ffc6907cf50,1,4,1540,32,1536,56,1528,68,1508,96,1504,120,1496,132,1476,160,1472,8,108,32,72,60,-144,72,-152,-45945090035592,-152,120,-45945090035520,-45945090035544,108,-45945090035544,108
1223,0x5632fc425198,R,0x7ffc6907cf58,1,8,1548,32,1544,44,1536,72,1516,96,1512,108,1504,136,1484,160,1480,20,100,32,64,56,-152,100,-160,104,-160,-45945090035528,-45945090035528,-45945090035536,100,-45945090035552,64
1225,0x5632fc425192,R,0x7ffc6907cf6c,1,20,1568,32,1564,60,1556,84,1536,96,1532,124,1524,148,1504,160,1500,4,80,32,44,44,-172,-45945090035620,-180,92,-180,-45945090035572,-45945090035548,-45945090035556,44,-180,44
1228,0x5632fc425197,R,0x7ffc6907cf70,1,4,1572,32,1568,56,1560,68,1540,96,1536,120,1528,132,1508,160,1504,8,76,32,40,76,-176,80,-184,-45945090035552,-184,-45945090035576,40,-45945090035576,40,-184,-176
1230,0x5632fc425198,R,0x7ffc6907cf78,1,8,1580,32,1576,44,1568,72,1548,96,1544,108,1536,136,1516,160,1512,20,68,32,32,-45945090035632,-184,80,-192,-45945090035560,-45945090035560,-45945090035568,32,-45945090035584,-184,-184,-184
1232,0x5632fc425192,R,0x7ffc6907cf8c,1,20,1600,32,1596,60,1588,84,1568,96,1564,124,1556,148,1536,160,1532,4,48,48,12,52,-204,60,-212,-45945090035604,-45945090035580,-45945090035588,-204,-212,-204,-196,-204
1235,0x5632fc425197,R,0x7ffc6907cf90,1,4,1604,32,1600,56,1592,68,1572,96,1568,120,1560,132,1540,160,1536,8,44,-45945090035656,8,48,-216,-45945090035584,-216,-45945090035608,-208,-45945090035608,-208,-208,-208,-200,-208
1237,0x5632fc425198,R,0x7ffc6907cf98,1,8,1612,32,1608,44,1600,72,1580,96,1576,108,1568,136,1548,160,1544,36,36,-45945090035664,-216,48,-224,-45945090035592,-45945090035592,-45945090035600,-216,-224,-216,-208,-216,-45945090035616,-216
1239,0x5632fc4251d9,W,0x7ffc6907cfbc,1,36,1648,48,1644,76,1636,100,1616,112,1612,140,1604,164,1584,176,1580,0,-36,4,-252,12,-260,-45945090035652,-45945090035628,-45945090035652,-252,-252,-252,-244,-252,-45945090035652,-260
1241,0x5632fc4251dc,R,0x7ffc6907cfbc,1,36,0,44,1644,68,1636,80,1616,108,1612,132,1604,144,1584,172,1580,-45945090035700,-36,4,-260,-45945090035628,-260,-45945090035636,-45945090035628,-260,-252,-244,-252,-244,-260,-45945090035636,-260
1247,0x5632fc4251f0,W,0x7ffc6907cf98,1,-36,-36,8,1612,12,1600,40,1580,64,1576,76,1568,104,1548,128,1544,-45945090035664,-216,48,-224,-45945090035616,-224,-45945090035616,-45945090035592,-216,-216,-208,-224,-45945090035600,-224,-45945090035616,-224
1250,0x5632fc425064,R,0x5632fc427fc8,1,-45945090035700,-45945090035664,-45945090035664,-45945090034052,-45945090035652,-45945090034056,-45945090035632,-45945090034084,-45945090035620,-45945090034088,-45945090035592,-45945090034096,-45945090035568,-45945090034116,-45945090035556,-45945090034120,45945090035704,45945090035448,72,45945090035440,64,45945090035440,45945090035440,72,45945090035448,45945090035440,45945090035456,45945090035440,48,45945090035440,48,45945090035440
1253,0x5632fc4251fa,R,0x7ffc6907cfc0,1,45945090035704,40,40,4,48,1648,72,1640,80,1616,104,1608,116,1588,144,1584,8,-256,-45945090035656,-264,-45945090035656,-264,-264,-264,-248,-264,-45945090035656,-264,-45945090035656,-264,-264,-264
1255,0x5632fc4251fb,R,0x7ffc6907cfc8,1,8,48,12,12,56,1660,60,1648,88,1628,92,1616,120,1596,144,1592,-45945090035640,-264,-45945090035648,-272,-45945090035664,-45945090035640,-264,-272,-256,-272,-45945090035664,-272,-272,-272,-272,-45945090035640
1258,0x5632fc425124,R,0x5632fc428010,1,-45945090035640,-45945090035592,72,-45945090035628,-45945090035592,-45945090033980,-45945090035580,-45945090033984,-45945090035560,-45945090034012,-45945090035548,-45945090034016,-45945090035528,-45945090034044,-45945090035516,-45945090034048,-24,45945090035376,-8,45945090035368,45945090035368,0,45945090035384,45945090035368,45945090035384,45945090035368,45945090035368,45945090035368,45945090035368,0,45945090035376,0
1261,0x5632fc42512d,W,0x7ffc6907cec0,1,45945090035376,-216,-256,-252,-252,1396,-208,1392,-184,1384,-176,1360,-152,1352,-144,1328,-45945090035400,-8,-45945090035400,-8,0,-45945090035376,8,-8,-8,-8,-8,-45945090035376,0,-45945090035376,0,
1263,0x5632fc42512e,R,0x5632fc427ff8,1,-24,-45945090035400,-45945090035664,-45945090035652,48,-45945090034004,-45945090035616,-45945090034008,-45945090035604,-45945090034016,-45945090035576,-45945090034036,-45945090035572,-45945090034048,-45945090035544,-45945090034068,16,45945090035392,45945090035392,45945090035392,45945090035400,45945090035392,45945090035408,45945090035392,45945090035392,24,45945090035400,24,45945090035400,,45945090035408,
1267,0x5632fc42513b,R,0x5632fc428008,1,16,-45945090035384,-45945090035648,-45945090035600,-45945090035640,-45945090033988,-45945090035636,-45945090033992,-45945090035592,-45945090034000,-45945090035568,-45945090034020,-45945090035556,-45945090034024,-45945090035536,-45945090034052,-16,45945090035376,45945090035376,8,45945090035392,45945090035376,45945090035392,8,45945090035384,8,45945090035384,,45945090035392,,45945090035392,
1269,0x5632fc425142,W,0x7ffc6907ceb8,1,45945090035376,-8,45945090035368,-224,-264,-260,45945090035440,1384,-224,1376,-212,1356,-184,1352,-160,1344,-45945090035392,0,8,-45945090035368,16,-45945090035368,8,-45945090035368,8,,16,,16,,,
1272,0x5632fc425054,R,0x5632fc427ff8,1,-16,-45945090035392,0,-45945090035616,-45945090035664,-45945090035652,48,-45945090034004,-45945090035652,-45945090034016,-45945090035608,-45945090034036,-45945090035584,-45945090034040,-45945090035572,-45945090034048,45945090035392,45945090035392,45945090035400,24,45945090035408,24,45945090035400,,45945090035408,,45945090035408,,,,,
1274,0x5632fc425147,W,0x7ffc6907ceb8,1,45945090035392,0,45945090035392,-8,45945090035368,-260,-264,1388,-260,1384,-224,1356,-212,1352,-184,1344,0,-45945090035368,16,-45945090035368,16,,16,,16,,,,,,,
1280,0x5632fc4250d8,R,0x7ffc6907ceb8,1,45945090035392,0,45945090035376,-8,45945090035368,-224,-272,1388,45945090035440,1384,-224,1376,-216,1352,-192,1344,8,-45945090035368,16,,16,,16,,,,,,,,,
1282,0x5632fc42514c,W,0x5632fc428010,1,-45945090035368,-45945090035368,8,-45945090035368,24,-45945090035592,-45945090035640,-45945090035628,-45945090035632,-45945090033984,-45945090035628,-45945090033992,-45945090035584,-45945090034012,-45945090035580,-45945090034024,45945090035376,,45945090035384,,45945090035384,,,,,,,,,,,
1284,0x5632fc425153,R,0x7ffc6907cec0,1,8,45945090035376,45945090035400,8,45945090035400,0,45945090035376,-252,-256,1396,45945090035448,1384,-216,1364,-204,1360,8,,8,,,,,,,,,,,,,
1286,0x5632fc425154,R,0x7ffc6907cec8,1,8,45945090035384,45945090035408,16,45945090035392,8,45945090035384,-208,-256,1404,45945090035456,1400,-244,1372,-200,1368,0,,,,,,,,,,,,,,,
1291,0x5632fc425208,R,0x7ffc6907cec8,1,0,45945090035384,16,16,45945090035392,16,45945090035408,-208,-256,-244,-248,1400,-244,1392,-208,1368,,,,,,,,,,,,,,,,
