Delta_with_1_last_read_mean,Delta_with_1_last_read_std,Delta_with_1_last_read_median,Delta_with_1_last_read_unique,Delta_with_1_last_read_zeros_frac,Delta_with_1_last_read_entropy,Delta_with_1_last_read_mode,Delta_with_1_last_read_mode_count,Delta_with_1_last_read_ac_first_peak,Delta_with_1_last_read_fft_dom_bin,Delta_with_1_last_read_fft_dom_power,Delta_with_2_last_read_mean,Delta_with_2_last_read_std,Delta_with_2_last_read_median,Delta_with_2_last_read_unique,Delta_with_2_last_read_zeros_frac,Delta_with_2_last_read_entropy,Delta_with_2_last_read_mode,Delta_with_2_last_read_mode_count,Delta_with_2_last_read_ac_first_peak,Delta_with_2_last_read_fft_dom_bin,Delta_with_2_last_read_fft_dom_power,Delta_with_1_last_write_mean,Delta_with_1_last_write_std,Delta_with_1_last_write_median,Delta_with_1_last_write_unique,Delta_with_1_last_write_zeros_frac,Delta_with_1_last_write_entropy,Delta_with_1_last_write_mode,Delta_with_1_last_write_mode_count,Delta_with_1_last_write_ac_first_peak,Delta_with_1_last_write_fft_dom_bin,Delta_with_1_last_write_fft_dom_power,Delta_with_2_last_write_mean,Delta_with_2_last_write_std,Delta_with_2_last_write_median,Delta_with_2_last_write_unique,Delta_with_2_last_write_zeros_frac,Delta_with_2_last_write_entropy,Delta_with_2_last_write_mode,Delta_with_2_last_write_mode_count,Delta_with_2_last_write_ac_first_peak,Delta_with_2_last_write_fft_dom_bin,Delta_with_2_last_write_fft_dom_power,start,length,Target,Fine_grained_Target
0.9582081690908,11.8037217005419,0,48,0.15,2.7722927669478,0,15,13,15,228.44502391123,-0.532780863304811,10.9890441333382,-1.6094379124341,49,0.09,2.42416973266648,0,9,26,15,219.75185407873,-1.85579453764332,7.59003124539783,-1.6094379124341,37,0.16,2.46443914452417,0,16,5,39,163.166059959546,-0.0047162360056863,8.03561626812207,1.6094379124341,39,0.2,2.02795725633349,0,20,2,1,273.645752209556,0,100,7,1
-0.740692649631423,3.62970915814692,-0.80471895621705,26,0.2,2.24643934478899,0,20,2,50,244.694087651256,-0.136943176532936,4.26259784924718,-0.80471895621705,29,0.1,2.4464393447504,-3.04452243772342,10,10,50,200.699940759353,0.132323622515275,4.07687751063325,0,24,0.2,2.32192809500431,0,20,10,50,210.115506666631,3.84273965302466,2.80449524426857,6.00388706710654,18,0.2,1.46474971333721,0,20,10,40,112.516334583565,50,100,7,1
-0.740692649631423,3.62970915814692,-0.80471895621705,26,0.2,2.24643934478899,0,20,2,50,244.694087651256,-0.136943176532936,4.26259784924718,-0.80471895621705,29,0.1,2.4464393447504,-3.04452243772342,10,10,50,200.699940759353,0.132323622515275,4.07687751063325,0,24,0.2,2.32192809500431,0,20,10,50,210.115506666631,3.84273965302466,2.80449524426857,6.00388706710654,18,0.2,1.46474971333721,0,20,10,40,112.516334583565,100,100,7,1
-0.740692649631423,3.62970915814692,-0.80471895621705,26,0.2,2.24643934478899,0,20,2,50,244.694087651256,-0.136943176532936,4.26259784924718,-0.80471895621705,29,0.1,2.4464393447504,-3.04452243772342,10,10,50,200.699940759353,0.132323622515275,4.07687751063325,0,24,0.2,2.32192809500431,0,20,10,50,210.115506666631,3.84273965302466,2.80449524426857,6.00388706710654,18,0.2,1.46474971333721,0,20,10,40,112.516334583565,150,100,7,1
-0.740692649631423,3.62970915814692,-0.80471895621705,26,0.2,2.24643934478899,0,20,2,50,244.694087651256,-0.136943176532936,4.26259784924718,-0.80471895621705,29,0.1,2.4464393447504,-3.04452243772342,10,10,50,200.699940759353,0.132323622515275,4.07687751063325,0,24,0.2,2.32192809500431,0,20,10,50,210.115506666631,3.84273965302466,2.80449524426857,6.00388706710654,18,0.2,1.46474971333721,0,20,10,40,112.516334583565,200,100,7,1
-0.740692649631423,3.62970915814692,-0.80471895621705,26,0.2,2.24643934478899,0,20,2,50,244.694087651256,-0.136943176532936,4.26259784924718,-0.80471895621705,29,0.1,2.4464393447504,-3.04452243772342,10,10,50,200.699940759353,0.132323622515275,4.07687751063325,0,24,0.2,2.32192809500431,0,20,10,50,210.115506666631,3.84273965302466,2.80449524426857,6.00388706710654,18,0.2,1.46474971333721,0,20,10,40,112.516334583565,250,100,7,1
-0.740692649631423,3.62970915814692,-0.80471895621705,26,0.2,2.24643934478899,0,20,2,50,244.694087651256,-0.136943176532936,4.26259784924718,-0.80471895621705,29,0.1,2.4464393447504,-3.04452243772342,10,10,50,200.699940759353,0.132323622515275,4.07687751063325,0,24,0.2,2.32192809500431,0,20,10,50,210.115506666631,3.84273965302466,2.80449524426857,6.00388706710654,18,0.2,1.46474971333721,0,20,10,40,112.516334583565,300,100,7,1
-0.740692649631423,3.62970915814692,-0.80471895621705,26,0.2,2.24643934478899,0,20,2,50,244.694087651256,-0.136943176532936,4.26259784924718,-0.80471895621705,29,0.1,2.4464393447504,-3.04452243772342,10,10,50,200.699940759353,0.132323622515275,4.07687751063325,0,24,0.2,2.32192809500431,0,20,10,50,210.115506666631,3.84273965302466,2.80449524426857,6.00388706710654,18,0.2,1.46474971333721,0,20,10,40,112.516334583565,350,100,7,1
-0.740692649631423,3.62970915814692,-0.80471895621705,26,0.2,2.24643934478899,0,20,2,50,244.694087651256,-0.136943176532936,4.26259784924718,-0.80471895621705,29,0.1,2.4464393447504,-3.04452243772342,10,10,50,200.699940759353,0.132323622515275,4.07687751063325,0,24,0.2,2.32192809500431,0,20,10,50,210.115506666631,3.84273965302466,2.80449524426857,6.00388706710654,18,0.2,1.46474971333721,0,20,10,40,112.516334583565,400,100,7,1
-0.740692649631423,3.62970915814692,-0.80471895621705,26,0.2,2.24643934478899,0,20,2,50,244.694087651256,-0.136943176532936,4.26259784924718,-0.80471895621705,29,0.1,2.4464393447504,-3.04452243772342,10,10,50,200.699940759353,0.132323622515275,4.07687751063325,0,24,0.2,2.32192809500431,0,20,10,50,210.115506666631,3.84273965302466,2.80449524426857,6.00388706710654,18,0.2,1.46474971333721,0,20,10,40,112.516334583565,450,100,7,1
-0.740692649631423,3.62970915814692,-0.80471895621705,26,0.2,2.24643934478899,0,20,2,50,244.694087651256,-0.136943176532936,4.26259784924718,-0.80471895621705,29,0.1,2.4464393447504,-3.04452243772342,10,10,50,200.699940759353,0.132323622515275,4.07687751063325,0,24,0.2,2.32192809500431,0,20,10,50,210.115506666631,3.84273965302466,2.80449524426857,6.00388706710654,18,0.2,1.46474971333721,0,20,10,40,112.516334583565,500,100,7,1
-0.740692649631423,3.62970915814692,-0.80471895621705,26,0.2,2.24643934478899,0,20,2,50,244.694087651256,-0.136943176532936,4.26259784924718,-0.80471895621705,29,0.1,2.4464393447504,-3.04452243772342,10,10,50,200.699940759353,0.132323622515275,4.07687751063325,0,24,0.2,2.32192809500431,0,20,10,50,210.115506666631,3.84273965302466,2.80449524426857,6.00388706710654,18,0.2,1.46474971333721,0,20,10,40,112.516334583565,550,100,7,1
-0.740692649631423,3.62970915814692,-0.80471895621705,26,0.2,2.24643934478899,0,20,2,50,244.694087651256,-0.136943176532936,4.26259784924718,-0.80471895621705,29,0.1,2.4464393447504,-3.04452243772342,10,10,50,200.699940759353,0.132323622515275,4.07687751063325,0,24,0.2,2.32192809500431,0,20,10,50,210.115506666631,3.84273965302466,2.80449524426857,6.00388706710654,18,0.2,1.46474971333721,0,20,10,40,112.516334583565,600,100,7,1
-0.740692649631423,3.62970915814692,-0.80471895621705,26,0.2,2.24643934478899,0,20,2,50,244.694087651256,-0.136943176532936,4.26259784924718,-0.80471895621705,29,0.1,2.4464393447504,-3.04452243772342,10,10,50,200.699940759353,0.132323622515275,4.07687751063325,0,24,0.2,2.32192809500431,0,20,10,50,210.115506666631,3.84273965302466,2.80449524426857,6.00388706710654,18,0.2,1.46474971333721,0,20,10,40,112.516334583565,650,100,7,1
-0.740692649631423,3.62970915814692,-0.80471895621705,26,0.2,2.24643934478899,0,20,2,50,244.694087651256,-0.136943176532936,4.26259784924718,-0.80471895621705,29,0.1,2.4464393447504,-3.04452243772342,10,10,50,200.699940759353,0.132323622515275,4.07687751063325,0,24,0.2,2.32192809500431,0,20,10,50,210.115506666631,3.84273965302466,2.80449524426857,6.00388706710654,18,0.2,1.46474971333721,0,20,10,40,112.516334583565,700,100,7,1
-0.740692649631423,3.62970915814692,-0.80471895621705,26,0.2,2.24643934478899,0,20,2,50,244.694087651256,-0.136943176532936,4.26259784924718,-0.80471895621705,29,0.1,2.4464393447504,-3.04452243772342,10,10,50,200.699940759353,0.132323622515275,4.07687751063325,0,24,0.2,2.32192809500431,0,20,10,50,210.115506666631,3.84273965302466,2.80449524426857,6.00388706710654,18,0.2,1.46474971333721,0,20,10,40,112.516334583565,750,100,7,1
-0.740692649631423,3.62970915814692,-0.80471895621705,26,0.2,2.24643934478899,0,20,2,50,244.694087651256,-0.136943176532936,4.26259784924718,-0.80471895621705,29,0.1,2.4464393447504,-3.04452243772342,10,10,50,200.699940759353,0.132323622515275,4.07687751063325,0,24,0.2,2.32192809500431,0,20,10,50,210.115506666631,3.84273965302466,2.80449524426857,6.00388706710654,18,0.2,1.46474971333721,0,20,10,40,112.516334583565,800,100,7,1
-0.740692649631423,3.62970915814692,-0.80471895621705,26,0.2,2.24643934478899,0,20,2,50,244.694087651256,-0.136943176532936,4.26259784924718,-0.80471895621705,29,0.1,2.4464393447504,-3.04452243772342,10,10,50,200.699940759353,0.132323622515275,4.07687751063325,0,24,0.2,2.32192809500431,0,20,10,50,210.115506666631,3.84273965302466,2.80449524426857,6.00388706710654,18,0.2,1.46474971333721,0,20,10,40,112.516334583565,850,100,7,1
-0.740692649631423,3.62970915814692,-0.80471895621705,26,0.2,2.24643934478899,0,20,2,50,244.694087651256,-0.136943176532936,4.26259784924718,-0.80471895621705,29,0.1,2.4464393447504,-3.04452243772342,10,10,50,200.699940759353,0.132323622515275,4.07687751063325,0,24,0.2,2.32192809500431,0,20,10,50,210.115506666631,3.84273965302466,2.80449524426857,6.00388706710654,18,0.2,1.46474971333721,0,20,10,40,112.516334583565,900,100,7,1
-0.522676494328824,6.88967368276246,0,29,0.18,2.53315106448298,0,18,8,50,339.426153226573,-0.263942342573801,6.51865609346099,0,33,0.08,2.45789951678848,3.04452243772342,10,8,50,265.3200167698,-0.208031462238559,5.82803267652275,0,33,0.17,2.42848887066848,2.56494935746154,18,8,50,249.93933730946,3.44628411004369,5.36369829777435,6.0137151560428,25,0.18,1.45108147742512,0,18,8,50,151.214723613082,950,100,7,1
0.946248772921108,11.7597370081496,0,48,0.15,2.7722927669478,0,15,13,15,227.312101856418,-0.532666634955742,10.9715246687115,-1.6094379124341,49,0.09,2.41443695952898,0,9,26,15,219.57146485461,-1.85215075729902,7.5779984744265,-1.6094379124341,37,0.16,2.46443914452417,0,16,5,39,162.841950387315,-0.0010724556617637,8.02341109101111,1.6094379124341,39,0.2,2.02795725633349,0,20,2,1,273.274922871264,0,100,7,2
-0.739759572314428,3.62522291616959,-0.80471895621705,26,0.2,2.24643934478899,0,20,2,50,244.414164456158,-0.136970068360026,4.25719163830807,-0.80471895621705,29,0.1,2.4464393447504,-3.04452243772342,10,10,50,200.510636113245,0.132323622515275,4.07119226601829,0,24,0.2,2.32192809500431,0,20,10,50,209.923512837814,3.94520802462905,2.61435570390093,6.00388706710654,18,0.2,1.37095059465561,0,20,10,40,104.23082090866,50,100,7,2
-0.734958839623917,3.60216361024755,-0.80471895621705,26,0.2,2.24643934478899,0,20,2,50,242.973944649004,-0.137112595859373,4.22938542963206,-0.80471895621705,29,0.1,2.72192809492715,-3.04452243772342,10,10,50,199.536236825208,0.132323622515275,4.04193470674498,0,24,0.2,2.32192809500431,0,20,10,50,208.934860799843,3.91587353662145,2.59088204557316,5.95324333428778,18,0.2,1.37095059465561,0,20,10,40,103.182395004095,100,100,7,2
-0.731878021932308,3.58745466475757,-0.80471895621705,26,0.2,2.24643934478899,0,20,2,50,242.049699341522,-0.137210417701853,4.21161974343986,-0.80471895621705,30,0.1,2.4464393447504,-3.04452243772342,10,10,50,198.910291102638,0.132323622515275,4.02322435135605,0,24,0.2,2.32192809500431,0,20,10,50,208.299132893025,3.77004967957896,2.79999128884819,5.89989735358249,20,0.2,1.46474971333721,0,20,10,40,111.539393394997,150,100,7,2
-0.736678754622819,3.610612007539,-0.80471895621705,26,0.2,2.24643934478899,0,20,2,50,243.489919148675,-0.137067890202505,4.23954247815885,-0.80471895621705,32,0.1,2.4464393447504,-3.04452243772342,10,10,50,199.884690390675,0.132323622515275,4.05261699086427,0,24,0.2,2.32192809500431,0,20,10,50,209.287784930997,3.79938416758656,2.82324149276022,5.89989735358249,24,0.2,1.46474971333721,0,20,10,40,112.588110530759,200,100,7,2
-0.739759572314428,3.62522291616959,-0.80471895621705,26,0.2,2.24643934478899,0,20,2,50,244.414164456158,-0.136970068360026,4.25719163830807,-0.80471895621705,29,0.1,2.4464393447504,-3.04452243772342,10,10,50,200.510636113245,0.132323622515275,4.07119226601829,0,24,0.2,2.32192809500431,0,20,10,50,209.923512837814,3.94520802462905,2.61435570390093,6.00388706710654,18,0.2,1.37095059465561,0,20,10,40,104.23082090866,250,100,7,2
-0.734958839623917,3.60216361024755,-0.80471895621705,26,0.2,2.24643934478899,0,20,2,50,242.973944649004,-0.137112595859373,4.22938542963206,-0.80471895621705,29,0.1,2.72192809492715,-3.04452243772342,10,10,50,199.536236825208,0.132323622515275,4.04193470674498,0,24,0.2,2.32192809500431,0,20,10,50,208.934860799843,3.91587353662145,2.59088204557316,5.95324333428778,18,0.2,1.37095059465561,0,20,10,40,103.182395004095,300,100,7,2
-0.731878021932308,3.58745466475757,-0.80471895621705,26,0.2,2.24643934478899,0,20,2,50,242.049699341522,-0.137210417701853,4.21161974343986,-0.80471895621705,30,0.1,2.4464393447504,-3.04452243772342,10,10,50,198.910291102638,0.132323622515275,4.02322435135605,0,24,0.2,2.32192809500431,0,20,10,50,208.299132893025,3.77004967957896,2.79999128884819,5.89989735358249,20,0.2,1.46474971333721,0,20,10,40,111.539393394997,350,100,7,2
-0.736678754622819,3.610612007539,-0.80471895621705,26,0.2,2.24643934478899,0,20,2,50,243.489919148675,-0.137067890202505,4.23954247815885,-0.80471895621705,32,0.1,2.4464393447504,-3.04452243772342,10,10,50,199.884690390675,0.132323622515275,4.05261699086427,0,24,0.2,2.32192809500431,0,20,10,50,209.287784930997,3.79938416758656,2.82324149276022,5.89989735358249,24,0.2,1.46474971333721,0,20,10,40,112.588110530759,400,100,7,2
-0.739759572314428,3.62522291616959,-0.80471895621705,26,0.2,2.24643934478899,0,20,2,50,244.414164456158,-0.136970068360026,4.25719163830807,-0.80471895621705,29,0.1,2.4464393447504,-3.04452243772342,10,10,50,200.510636113245,0.132323622515275,4.07119226601829,0,24,0.2,2.32192809500431,0,20,10,50,209.923512837814,3.94520802462905,2.61435570390093,6.00388706710654,18,0.2,1.37095059465561,0,20,10,40,104.23082090866,450,100,7,2
-0.734958839623917,3.60216361024755,-0.80471895621705,26,0.2,2.24643934478899,0,20,2,50,242.973944649004,-0.137112595859373,4.22938542963206,-0.80471895621705,29,0.1,2.72192809492715,-3.04452243772342,10,10,50,199.536236825208,0.132323622515275,4.04193470674498,0,24,0.2,2.32192809500431,0,20,10,50,208.934860799843,3.91587353662145,2.59088204557316,5.95324333428778,18,0.2,1.37095059465561,0,20,10,40,103.182395004095,500,100,7,2
-0.731878021932308,3.58745466475757,-0.80471895621705,26,0.2,2.24643934478899,0,20,2,50,242.049699341522,-0.137210417701853,4.21161974343986,-0.80471895621705,30,0.1,2.4464393447504,-3.04452243772342,10,10,50,198.910291102638,0.132323622515275,4.02322435135605,0,24,0.2,2.32192809500431,0,20,10,50,208.299132893025,3.77004967957896,2.79999128884819,5.89989735358249,20,0.2,1.46474971333721,0,20,10,40,111.539393394997,550,100,7,2
-0.736678754622819,3.610612007539,-0.80471895621705,26,0.2,2.24643934478899,0,20,2,50,243.489919148675,-0.137067890202505,4.23954247815885,-0.80471895621705,32,0.1,2.4464393447504,-3.04452243772342,10,10,50,199.884690390675,0.132323622515275,4.05261699086427,0,24,0.2,2.32192809500431,0,20,10,50,209.287784930997,3.79938416758656,2.82324149276022,5.89989735358249,24,0.2,1.46474971333721,0,20,10,40,112.588110530759,600,100,7,2
-0.739759572314428,3.62522291616959,-0.80471895621705,26,0.2,2.24643934478899,0,20,2,50,244.414164456158,-0.136970068360026,4.25719163830807,-0.80471895621705,29,0.1,2.4464393447504,-3.04452243772342,10,10,50,200.510636113245,0.132323622515275,4.07119226601829,0,24,0.2,2.32192809500431,0,20,10,50,209.923512837814,3.94520802462905,2.61435570390093,6.00388706710654,18,0.2,1.37095059465561,0,20,10,40,104.23082090866,650,100,7,2
-0.734958839623917,3.60216361024755,-0.80471895621705,26,0.2,2.24643934478899,0,20,2,50,242.973944649004,-0.137112595859373,4.22938542963206,-0.80471895621705,29,0.1,2.72192809492715,-3.04452243772342,10,10,50,199.536236825208,0.132323622515275,4.04193470674498,0,24,0.2,2.32192809500431,0,20,10,50,208.934860799843,3.91587353662145,2.59088204557316,5.95324333428778,18,0.2,1.37095059465561,0,20,10,40,103.182395004095,700,100,7,2
-0.731878021932308,3.58745466475757,-0.80471895621705,26,0.2,2.24643934478899,0,20,2,50,242.049699341522,-0.137210417701853,4.21161974343986,-0.80471895621705,30,0.1,2.4464393447504,-3.04452243772342,10,10,50,198.910291102638,0.132323622515275,4.02322435135605,0,24,0.2,2.32192809500431,0,20,10,50,208.299132893025,3.77004967957896,2.79999128884819,5.89989735358249,20,0.2,1.46474971333721,0,20,10,40,111.539393394997,750,100,7,2
-0.736678754622819,3.610612007539,-0.80471895621705,26,0.2,2.24643934478899,0,20,2,50,243.489919148675,-0.137067890202505,4.23954247815885,-0.80471895621705,32,0.1,2.4464393447504,-3.04452243772342,10,10,50,199.884690390675,0.132323622515275,4.05261699086427,0,24,0.2,2.32192809500431,0,20,10,50,209.287784930997,3.79938416758656,2.82324149276022,5.89989735358249,24,0.2,1.46474971333721,0,20,10,40,112.588110530759,800,100,7,2
-0.739759572314428,3.62522291616959,-0.80471895621705,26,0.2,2.24643934478899,0,20,2,50,244.414164456158,-0.136970068360026,4.25719163830807,-0.80471895621705,29,0.1,2.4464393447504,-3.04452243772342,10,10,50,200.510636113245,0.132323622515275,4.07119226601829,0,24,0.2,2.32192809500431,0,20,10,50,209.923512837814,3.94520802462905,2.61435570390093,6.00388706710654,18,0.2,1.37095059465561,0,20,10,40,104.23082090866,850,100,7,2
-0.734958839623917,3.60216361024755,-0.80471895621705,26,0.2,2.24643934478899,0,20,2,50,242.973944649004,-0.137112595859373,4.22938542963206,-0.80471895621705,29,0.1,2.72192809492715,-3.04452243772342,10,10,50,199.536236825208,0.132323622515275,4.04193470674498,0,24,0.2,2.32192809500431,0,20,10,50,208.934860799843,3.91587353662145,2.59088204557316,5.95324333428778,18,0.2,1.37095059465561,0,20,10,40,103.182395004095,900,100,7,2
-0.513861866629626,6.83546750016632,0,29,0.18,2.53315106448298,0,18,8,50,335.984471838977,-0.264323812090897,6.45123037775474,0,33,0.08,2.58177567241245,3.04452243772342,10,8,50,262.721651200377,-0.204044996849109,5.77195099849195,0,33,0.17,2.42651816019462,2.56494935746154,18,8,50,247.724316996909,3.38808244246602,5.31089158511592,5.91079664404053,25,0.18,1.45108147746498,0,18,8,50,148.812555489484,950,100,7,2
0.928465188473964,11.6929604522998,0,48,0.15,2.7722927669478,0,15,13,15,225.599663319487,-0.53268144898387,10.9420989845143,-1.6094379124341,49,0.09,2.41443695952898,0,9,26,15,219.196993347177,-1.84617845372843,7.55818833492168,-1.6094379124341,37,0.16,2.46443914452417,0,16,5,39,162.337512324123,0.0048998479079358,8.00332213271722,1.6094379124341,39,0.2,2.02795725633349,0,20,2,1,272.68727585345,0,100,7,3
-0.739759572314428,3.62522291616959,-0.80471895621705,26,0.2,2.24643934478899,0,20,2,50,244.414164456158,-0.136970068360026,4.25719163830807,-0.80471895621705,29,0.1,2.4464393447504,-3.04452243772342,10,10,50,200.510636113245,0.132323622515275,4.07119226601829,0,24,0.2,2.32192809500431,0,20,10,50,209.923512837814,3.94520802462905,2.61435570390093,6.00388706710654,18,0.2,1.37095059465561,0,20,10,40,104.23082090866,50,100,7,3
-0.734958839623917,3.60216361024755,-0.80471895621705,26,0.2,2.24643934478899,0,20,2,50,242.973944649004,-0.137112595859373,4.22938542963206,-0.80471895621705,29,0.1,2.72192809492715,-3.04452243772342,10,10,50,199.536236825208,0.132323622515275,4.04193470674498,0,24,0.2,2.32192809500431,0,20,10,50,208.934860799843,3.91587353662145,2.59088204557316,5.95324333428778,18,0.2,1.37095059465561,0,20,10,40,103.182395004095,100,100,7,3
-0.729915759495291,3.57798170023165,-0.80471895621705,26,0.2,2.24643934478899,0,20,2,50,241.461020610417,-0.137270129397995,4.20019143203009,-0.80471895621705,29,0.1,2.72192809492715,-3.04452243772342,10,10,50,198.511867445621,0.132323622515275,4.01118708014072,0,24,0.2,2.32192809500431,0,20,10,50,207.894738066393,3.8850287221643,2.5662109235361,5.89989735358249,18,0.2,1.37095059465561,0,20,10,40,102.080051160078,150,100,7,3
-0.724604532917718,3.55256091856998,-0.80471895621705,26,0.2,2.24643934478899,0,20,2,50,239.867652637145,-0.137445173305895,4.16946212293126,-0.80471895621705,29,0.1,2.72192809492715,-3.04452243772342,10,10,50,197.432117739316,0.132323622515275,3.97878828756936,0,24,0.2,2.32192809500431,0,20,10,50,206.797483969299,3.85250932437156,2.54021327821622,5.84354441703136,18,0.2,1.37095059465561,0,20,10,40,100.917929072251,200,100,7,3
-0.722104655336149,3.54084547239771,-0.80471895621705,26,0.2,2.24643934478899,0,20,2,50,239.117689362674,-0.137540159885108,4.1552421046272,-0.80471895621705,30,0.1,2.4464393447504,-3.04452243772342,10,10,50,196.922643565081,0.132323622515275,3.96377298210875,0,24,0.2,2.32192809500431,0,20,10,50,206.278511137142,3.69718192672252,2.77510827542067,5.78382518232974,20,0.2,1.46474971333721,0,20,10,40,109.824665361233,250,100,7,3
-0.732216614604233,3.58965292495675,-0.80471895621705,26,0.2,2.24643934478899,0,20,2,50,242.1512771431,-0.137222588477861,4.2141678012793,-0.80471895621705,32,0.1,2.4464393447504,-3.04452243772342,10,10,50,198.976792559423,0.132323622515275,4.0258827729557,0,24,0.2,2.32192809500431,0,20,10,50,208.364417272208,3.75903581252287,2.82439228116696,5.78382518232974,24,0.2,1.46474971333721,0,20,10,40,112.035820912225,300,100,7,3
-0.739759572314428,3.62522291616959,-0.80471895621705,26,0.2,2.24643934478899,0,20,2,50,244.414164456158,-0.136970068360026,4.25719163830807,-0.80471895621705,29,0.1,2.4464393447504,-3.04452243772342,10,10,50,200.510636113245,0.132323622515275,4.07119226601829,0,24,0.2,2.32192809500431,0,20,10,50,209.923512837814,3.94520802462905,2.61435570390093,6.00388706710654,18,0.2,1.37095059465561,0,20,10,40,104.23082090866,350,100,7,3
-0.734958839623917,3.60216361024755,-0.80471895621705,26,0.2,2.24643934478899,0,20,2,50,242.973944649004,-0.137112595859373,4.22938542963206,-0.80471895621705,29,0.1,2.72192809492715,-3.04452243772342,10,10,50,199.536236825208,0.132323622515275,4.04193470674498,0,24,0.2,2.32192809500431,0,20,10,50,208.934860799843,3.91587353662145,2.59088204557316,5.95324333428778,18,0.2,1.37095059465561,0,20,10,40,103.182395004095,400,100,7,3
-0.729915759495291,3.57798170023165,-0.80471895621705,26,0.2,2.24643934478899,0,20,2,50,241.461020610417,-0.137270129397995,4.20019143203009,-0.80471895621705,29,0.1,2.72192809492715,-3.04452243772342,10,10,50,198.511867445621,0.132323622515275,4.01118708014072,0,24,0.2,2.32192809500431,0,20,10,50,207.894738066393,3.8850287221643,2.5662109235361,5.89989735358249,18,0.2,1.37095059465561,0,20,10,40,102.080051160078,450,100,7,3
-0.724604532917718,3.55256091856998,-0.80471895621705,26,0.2,2.24643934478899,0,20,2,50,239.867652637145,-0.137445173305895,4.16946212293126,-0.80471895621705,29,0.1,2.72192809492715,-3.04452243772342,10,10,50,197.432117739316,0.132323622515275,3.97878828756936,0,24,0.2,2.32192809500431,0,20,10,50,206.797483969299,3.85250932437156,2.54021327821622,5.84354441703136,18,0.2,1.37095059465561,0,20,10,40,100.917929072251,500,100,7,3
-0.722104655336149,3.54084547239771,-0.80471895621705,26,0.2,2.24643934478899,0,20,2,50,239.117689362674,-0.137540159885108,4.1552421046272,-0.80471895621705,30,0.1,2.4464393447504,-3.04452243772342,10,10,50,196.922643565081,0.132323622515275,3.96377298210875,0,24,0.2,2.32192809500431,0,20,10,50,206.278511137142,3.69718192672252,2.77510827542067,5.78382518232974,20,0.2,1.46474971333721,0,20,10,40,109.824665361233,550,100,7,3
-0.732216614604233,3.58965292495675,-0.80471895621705,26,0.2,2.24643934478899,0,20,2,50,242.1512771431,-0.137222588477861,4.2141678012793,-0.80471895621705,32,0.1,2.4464393447504,-3.04452243772342,10,10,50,198.976792559423,0.132323622515275,4.0258827729557,0,24,0.2,2.32192809500431,0,20,10,50,208.364417272208,3.75903581252287,2.82439228116696,5.78382518232974,24,0.2,1.46474971333721,0,20,10,40,112.035820912225,600,100,7,3
-0.739759572314428,3.62522291616959,-0.80471895621705,26,0.2,2.24643934478899,0,20,2,50,244.414164456158,-0.136970068360026,4.25719163830807,-0.80471895621705,29,0.1,2.4464393447504,-3.04452243772342,10,10,50,200.510636113245,0.132323622515275,4.07119226601829,0,24,0.2,2.32192809500431,0,20,10,50,209.923512837814,3.94520802462905,2.61435570390093,6.00388706710654,18,0.2,1.37095059465561,0,20,10,40,104.23082090866,650,100,7,3
-0.734958839623917,3.60216361024755,-0.80471895621705,26,0.2,2.24643934478899,0,20,2,50,242.973944649004,-0.137112595859373,4.22938542963206,-0.80471895621705,29,0.1,2.72192809492715,-3.04452243772342,10,10,50,199.536236825208,0.132323622515275,4.04193470674498,0,24,0.2,2.32192809500431,0,20,10,50,208.934860799843,3.91587353662145,2.59088204557316,5.95324333428778,18,0.2,1.37095059465561,0,20,10,40,103.182395004095,700,100,7,3
-0.729915759495291,3.57798170023165,-0.80471895621705,26,0.2,2.24643934478899,0,20,2,50,241.461020610417,-0.137270129397995,4.20019143203009,-0.80471895621705,29,0.1,2.72192809492715,-3.04452243772342,10,10,50,198.511867445621,0.132323622515275,4.01118708014072,0,24,0.2,2.32192809500431,0,20,10,50,207.894738066393,3.8850287221643,2.5662109235361,5.89989735358249,18,0.2,1.37095059465561,0,20,10,40,102.080051160078,750,100,7,3
-0.724604532917718,3.55256091856998,-0.80471895621705,26,0.2,2.24643934478899,0,20,2,50,239.867652637145,-0.137445173305895,4.16946212293126,-0.80471895621705,29,0.1,2.72192809492715,-3.04452243772342,10,10,50,197.432117739316,0.132323622515275,3.97878828756936,0,24,0.2,2.32192809500431,0,20,10,50,206.797483969299,3.85250932437156,2.54021327821622,5.84354441703136,18,0.2,1.37095059465561,0,20,10,40,100.917929072251,800,100,7,3
-0.722104655336149,3.54084547239771,-0.80471895621705,26,0.2,2.24643934478899,0,20,2,50,239.117689362674,-0.137540159885108,4.1552421046272,-0.80471895621705,30,0.1,2.4464393447504,-3.04452243772342,10,10,50,196.922643565081,0.132323622515275,3.96377298210875,0,24,0.2,2.32192809500431,0,20,10,50,206.278511137142,3.69718192672252,2.77510827542067,5.78382518232974,20,0.2,1.46474971333721,0,20,10,40,109.824665361233,850,100,7,3
-0.732216614604233,3.58965292495675,-0.80471895621705,26,0.2,2.24643934478899,0,20,2,50,242.1512771431,-0.137222588477861,4.2141678012793,-0.80471895621705,32,0.1,2.4464393447504,-3.04452243772342,10,10,50,198.976792559423,0.132323622515275,4.0258827729557,0,24,0.2,2.32192809500431,0,20,10,50,208.364417272208,3.75903581252287,2.82439228116696,5.78382518232974,24,0.2,1.46474971333721,0,20,10,40,112.035820912225,900,100,7,3
-0.522676494328543,6.81132419553405,0,29,0.18,2.53315106448298,0,18,8,50,337.443287852519,-0.264041756891725,6.4353012013362,0,33,0.08,2.71541502907203,3.04452243772342,10,8,50,263.327209963855,-0.198117135367799,5.78214998849086,0,33,0.17,2.42848887066848,2.56494935746154,18,8,50,248.947904622384,3.45619843692146,5.30698529127195,6.0137151560428,25,0.18,1.45108147742512,0,18,8,50,150.223290925304,950,100,7,3
0.897708971558989,11.5794596823318,0,48,0.15,2.7722927669478,0,15,13,15,222.631377811355,-0.532752024708294,10.8915759028956,-1.6094379124341,49,0.09,2.42416973266648,0,9,26,15,218.523496283056,-1.83571465423501,7.52432348578574,-1.6094379124341,37,0.16,2.46443914452417,0,16,5,39,161.460965893087,0.0153636473978288,7.968918342437,1.6094379124341,39,0.2,2.02795725633349,0,20,2,1,271.662217261712,0,100,7,4
-0.739759572314428,3.62522291616959,-0.80471895621705,26,0.2,2.24643934478899,0,20,2,50,244.414164456158,-0.136970068360026,4.25719163830807,-0.80471895621705,29,0.1,2.4464393447504,-3.04452243772342,10,10,50,200.510636113245,0.132323622515275,4.07119226601829,0,24,0.2,2.32192809500431,0,20,10,50,209.923512837814,3.94520802462905,2.61435570390093,6.00388706710654,18,0.2,1.37095059465561,0,20,10,40,104.23082090866,50,100,7,4
-0.734958839623917,3.60216361024755,-0.80471895621705,26,0.2,2.24643934478899,0,20,2,50,242.973944649004,-0.137112595859373,4.22938542963206,-0.80471895621705,29,0.1,2.72192809492715,-3.04452243772342,10,10,50,199.536236825208,0.132323622515275,4.04193470674498,0,24,0.2,2.32192809500431,0,20,10,50,208.934860799843,3.91587353662145,2.59088204557316,5.95324333428778,18,0.2,1.37095059465561,0,20,10,40,103.182395004095,100,100,7,4
-0.729915759495291,3.57798170023165,-0.80471895621705,26,0.2,2.24643934478899,0,20,2,50,241.461020610417,-0.137270129397995,4.20019143203009,-0.80471895621705,29,0.1,2.72192809492715,-3.04452243772342,10,10,50,198.511867445621,0.132323622515275,4.01118708014072,0,24,0.2,2.32192809500431,0,20,10,50,207.894738066393,3.8850287221643,2.5662109235361,5.89989735358249,18,0.2,1.37095059465561,0,20,10,40,102.080051160078,150,100,7,4
-0.724604532917718,3.55256091856998,-0.80471895621705,26,0.2,2.24643934478899,0,20,2,50,239.867652637145,-0.137445173305895,4.16946212293126,-0.80471895621705,29,0.1,2.72192809492715,-3.04452243772342,10,10,50,197.432117739316,0.132323622515275,3.97878828756936,0,24,0.2,2.32192809500431,0,20,10,50,206.797483969299,3.85250932437156,2.54021327821622,5.84354441703136,18,0.2,1.37095059465561,0,20,10,40,100.917929072251,200,100,7,4
-0.71899500396638,3.52576582941818,-0.80471895621705,26,0.2,2.24643934478899,0,20,2,50,238.184793951744,-0.137640822727522,4.13702497890514,-0.80471895621705,29,0.1,2.72192809492715,-3.04452243772342,10,10,50,196.290647006886,0.132323622515275,3.94454949684611,0,24,0.2,2.32192809500431,0,20,10,50,205.636448294706,3.81812269303468,2.51273796459497,5.78382518232974,18,0.2,1.37095059465561,0,20,10,40,99.6891554944338,250,100,7,4
-0.713051618705822,3.49743735022045,-0.80471895621705,26,0.2,2.24643934478899,0,20,2,50,236.401778373576,-0.137860949029025,4.102676460314,-0.80471895621705,29,0.1,2.72192809492715,-3.04452243772342,10,10,50,195.079957324624,0.132323622515275,3.9082473673967,0,24,0.2,2.32192809500431,0,20,10,50,204.403745982293,3.7816408248232,2.48360640240467,5.72031177660741,18,0.2,1.37095059465561,0,20,10,40,98.3855958086836,300,100,7,4
-0.711138014820875,3.48886010067093,-0.80471895621705,26,0.2,2.24643934478899,0,20,2,50,235.827697208092,-0.137957264926631,4.09215928571585,-0.80471895621705,30,0.1,2.4464393447504,-3.04452243772342,10,10,50,194.687604957874,0.132323622515275,3.89709652799794,0,24,0.2,2.32192809500431,0,20,10,50,204.001762025783,3.61870406391888,2.73788448809923,5.65248918026865,20,0.2,1.46474971333721,0,20,10,40,107.6140529114,350,100,7,4
-0.727193359349517,3.5664053703913,-0.80471895621705,26,0.2,2.24643934478899,0,20,2,50,240.644300566685,-0.137419567217881,4.18592434648865,-0.80471895621705,32,0.1,2.4464393447504,-3.04452243772342,10,10,50,197.952443634477,0.132323622515275,3.99608188663915,0,24,0.2,2.32192809500431,0,20,10,50,207.320370473261,3.7170398179307,2.81684438871167,5.65248918026865,24,0.2,1.46474971333721,0,20,10,40,111.129080994895,400,100,7,4
-0.739759572314428,3.62522291616959,-0.80471895621705,26,0.2,2.24643934478899,0,20,2,50,244.414164456158,-0.136970068360026,4.25719163830807,-0.80471895621705,29,0.1,2.4464393447504,-3.04452243772342,10,10,50,200.510636113245,0.132323622515275,4.07119226601829,0,24,0.2,2.32192809500431,0,20,10,50,209.923512837814,3.94520802462905,2.61435570390093,6.00388706710654,18,0.2,1.37095059465561,0,20,10,40,104.23082090866,450,100,7,4
-0.734958839623917,3.60216361024755,-0.80471895621705,26,0.2,2.24643934478899,0,20,2,50,242.973944649004,-0.137112595859373,4.22938542963206,-0.80471895621705,29,0.1,2.72192809492715,-3.04452243772342,10,10,50,199.536236825208,0.132323622515275,4.04193470674498,0,24,0.2,2.32192809500431,0,20,10,50,208.934860799843,3.91587353662145,2.59088204557316,5.95324333428778,18,0.2,1.37095059465561,0,20,10,40,103.182395004095,500,100,7,4
-0.729915759495291,3.57798170023165,-0.80471895621705,26,0.2,2.24643934478899,0,20,2,50,241.461020610417,-0.137270129397995,4.20019143203009,-0.80471895621705,29,0.1,2.72192809492715,-3.04452243772342,10,10,50,198.511867445621,0.132323622515275,4.01118708014072,0,24,0.2,2.32192809500431,0,20,10,50,207.894738066393,3.8850287221643,2.5662109235361,5.89989735358249,18,0.2,1.37095059465561,0,20,10,40,102.080051160078,550,100,7,4
-0.724604532917718,3.55256091856998,-0.80471895621705,26,0.2,2.24643934478899,0,20,2,50,239.867652637145,-0.137445173305895,4.16946212293126,-0.80471895621705,29,0.1,2.72192809492715,-3.04452243772342,10,10,50,197.432117739316,0.132323622515275,3.97878828756936,0,24,0.2,2.32192809500431,0,20,10,50,206.797483969299,3.85250932437156,2.54021327821622,5.84354441703136,18,0.2,1.37095059465561,0,20,10,40,100.917929072251,600,100,7,4
-0.71899500396638,3.52576582941818,-0.80471895621705,26,0.2,2.24643934478899,0,20,2,50,238.184793951744,-0.137640822727522,4.13702497890514,-0.80471895621705,29,0.1,2.72192809492715,-3.04452243772342,10,10,50,196.290647006886,0.132323622515275,3.94454949684611,0,24,0.2,2.32192809500431,0,20,10,50,205.636448294706,3.81812269303468,2.51273796459497,5.78382518232974,18,0.2,1.37095059465561,0,20,10,40,99.6891554944338,650,100,7,4
-0.713051618705822,3.49743735022045,-0.80471895621705,26,0.2,2.24643934478899,0,20,2,50,236.401778373576,-0.137860949029025,4.102676460314,-0.80471895621705,29,0.1,2.72192809492715,-3.04452243772342,10,10,50,195.079957324624,0.132323622515275,3.9082473673967,0,24,0.2,2.32192809500431,0,20,10,50,204.403745982293,3.7816408248232,2.48360640240467,5.72031177660741,18,0.2,1.37095059465561,0,20,10,40,98.3855958086836,700,100,7,4
-0.711138014820875,3.48886010067093,-0.80471895621705,26,0.2,2.24643934478899,0,20,2,50,235.827697208092,-0.137957264926631,4.09215928571585,-0.80471895621705,30,0.1,2.4464393447504,-3.04452243772342,10,10,50,194.687604957874,0.132323622515275,3.89709652799794,0,24,0.2,2.32192809500431,0,20,10,50,204.001762025783,3.61870406391888,2.73788448809923,5.65248918026865,20,0.2,1.46474971333721,0,20,10,40,107.6140529114,750,100,7,4
-0.727193359349517,3.5664053703913,-0.80471895621705,26,0.2,2.24643934478899,0,20,2,50,240.644300566685,-0.137419567217881,4.18592434648865,-0.80471895621705,32,0.1,2.4464393447504,-3.04452243772342,10,10,50,197.952443634477,0.132323622515275,3.99608188663915,0,24,0.2,2.32192809500431,0,20,10,50,207.320370473261,3.7170398179307,2.81684438871167,5.65248918026865,24,0.2,1.46474971333721,0,20,10,40,111.129080994895,800,100,7,4
-0.739759572314428,3.62522291616959,-0.80471895621705,26,0.2,2.24643934478899,0,20,2,50,244.414164456158,-0.136970068360026,4.25719163830807,-0.80471895621705,29,0.1,2.4464393447504,-3.04452243772342,10,10,50,200.510636113245,0.132323622515275,4.07119226601829,0,24,0.2,2.32192809500431,0,20,10,50,209.923512837814,3.94520802462905,2.61435570390093,6.00388706710654,18,0.2,1.37095059465561,0,20,10,40,104.23082090866,850,100,7,4
-0.734958839623917,3.60216361024755,-0.80471895621705,26,0.2,2.24643934478899,0,20,2,50,242.973944649004,-0.137112595859373,4.22938542963206,-0.80471895621705,29,0.1,2.72192809492715,-3.04452243772342,10,10,50,199.536236825208,0.132323622515275,4.04193470674498,0,24,0.2,2.32192809500431,0,20,10,50,208.934860799843,3.91587353662145,2.59088204557316,5.95324333428778,18,0.2,1.37095059465561,0,20,10,40,103.182395004095,900,100,7,4
-0.513861866628645,6.70920279991154,0,29,0.18,2.53315106448298,0,18,8,50,332.74848508291,-0.264238422327789,6.31771948789571,0,33,0.08,2.6493196646428,3.04452243772342,10,8,50,259.494203420277,-0.187865063067055,5.69795160912925,0,33,0.17,2.42651816019462,2.56494935746154,18,8,50,246.106323618704,3.40426237627017,5.21924926309982,5.91079664404053,25,0.18,1.45108147746498,0,18,8,50,147.194562109069,950,100,7,4
0.951744539548675,11.7795583913588,0,48,0.15,2.7722927669478,0,15,13,15,227.828782370415,-0.532745244438994,10.9789961026891,-1.6094379124341,49,0.09,2.42416973266648,0,9,26,15,219.63933543895,-1.85374685105928,7.58318288964299,-1.6094379124341,37,0.16,2.46443914452417,0,16,5,39,162.987606435157,-0.0026685494218326,8.02867587985515,1.6094379124341,39,0.2,2.02795725633349,0,20,2,1,273.440203298371,0,100,7,5
-0.739759572314428,3.62522291616959,-0.80471895621705,26,0.2,2.24643934478899,0,20,2,50,244.414164456158,-0.136970068360026,4.25719163830807,-0.80471895621705,29,0.1,2.4464393447504,-3.04452243772342,10,10,50,200.510636113245,0.132323622515275,4.07119226601829,0,24,0.2,2.32192809500431,0,20,10,50,209.923512837814,3.94520802462905,2.61435570390093,6.00388706710654,18,0.2,1.37095059465561,0,20,10,40,104.23082090866,50,100,7,5
-0.734958839623917,3.60216361024755,-0.80471895621705,26,0.2,2.24643934478899,0,20,2,50,242.973944649004,-0.137112595859373,4.22938542963206,-0.80471895621705,29,0.1,2.72192809492715,-3.04452243772342,10,10,50,199.536236825208,0.132323622515275,4.04193470674498,0,24,0.2,2.32192809500431,0,20,10,50,208.934860799843,3.91587353662145,2.59088204557316,5.95324333428778,18,0.2,1.37095059465561,0,20,10,40,103.182395004095,100,100,7,5
-0.729915759495291,3.57798170023165,-0.80471895621705,26,0.2,2.24643934478899,0,20,2,50,241.461020610417,-0.137270129397995,4.20019143203009,-0.80471895621705,29,0.1,2.72192809492715,-3.04452243772342,10,10,50,198.511867445621,0.132323622515275,4.01118708014072,0,24,0.2,2.32192809500431,0,20,10,50,207.894738066393,3.8850287221643,2.5662109235361,5.89989735358249,18,0.2,1.37095059465561,0,20,10,40,102.080051160078,150,100,7,5
-0.724604532917718,3.55256091856998,-0.80471895621705,26,0.2,2.24643934478899,0,20,2,50,239.867652637145,-0.137445173305895,4.16946212293126,-0.80471895621705,29,0.1,2.72192809492715,-3.04452243772342,10,10,50,197.432117739316,0.132323622515275,3.97878828756936,0,24,0.2,2.32192809500431,0,20,10,50,206.797483969299,3.85250932437156,2.54021327821622,5.84354441703136,18,0.2,1.37095059465561,0,20,10,40,100.917929072251,200,100,7,5
-0.71899500396638,3.52576582941818,-0.80471895621705,26,0.2,2.24643934478899,0,20,2,50,238.184793951744,-0.137640822727522,4.13702497890514,-0.80471895621705,29,0.1,2.72192809492715,-3.04452243772342,10,10,50,196.290647006886,0.132323622515275,3.94454949684611,0,24,0.2,2.32192809500431,0,20,10,50,205.636448294706,3.81812269303468,2.51273796459497,5.78382518232974,18,0.2,1.37095059465561,0,20,10,40,99.6891554944338,250,100,7,5
-0.713051618705822,3.49743735022045,-0.80471895621705,26,0.2,2.24643934478899,0,20,2,50,236.401778373576,-0.137860949029025,4.102676460314,-0.80471895621705,29,0.1,2.72192809492715,-3.04452243772342,10,10,50,195.079957324624,0.132323622515275,3.9082473673967,0,24,0.2,2.32192809500431,0,20,10,50,204.403745982293,3.7816408248232,2.48360640240467,5.72031177660741,18,0.2,1.37095059465561,0,20,10,40,98.3855958086836,300,100,7,5
-0.706732052824576,3.4673868791206,-0.80471895621705,26,0.2,2.24643934478899,0,20,2,50,234.505908609202,-0.138110459819415,4.06617406337957,-0.80471895621705,29,0.1,2.72192809492715,-3.04452243772342,10,10,50,193.791093069336,0.132323622515275,3.8696150659538,0,24,0.2,2.32192809500431,0,20,10,50,203.089930647966,3.74279112599218,2.45260550059119,5.65248918026865,18,0.2,1.37095059465561,0,20,10,40,96.9975241971286,350,100,7,5
-0.699985372662592,3.43538847093311,-0.80471895621705,26,0.2,2.24643934478899,0,20,2,50,232.481904560607,-0.138395671203491,4.02722564047745,-0.80471895621705,29,0.1,2.52192809496573,-3.04452243772342,10,10,50,192.413235898531,0.132323622515275,3.82833014527494,0,24,0.2,2.32192809500431,0,20,10,50,201.683552338754,3.70124393784615,2.41947814150493,5.57972982598622,18,0.2,1.37095059465561,0,20,10,40,95.5131780408652,400,100,7,5
-0.698645224836447,3.43006491366121,-0.80471895621705,26,0.2,2.24643934478899,0,20,2,50,232.079860212764,-0.138501822663305,4.0205201905035,-0.80471895621705,30,0.1,2.4464393447504,-3.04452243772342,10,10,50,192.134591187321,0.132323622515275,3.82116161755346,0,24,0.2,2.32192809500431,0,20,10,50,201.394292481562,3.53113860287713,2.68961607922534,5.50125821054473,20,0.2,1.46474971333721,0,20,10,40,104.912274320645,450,100,7,5
-0.721447249527073,3.54027233327506,-0.80471895621705,26,0.2,2.24643934478899,0,20,2,50,238.920467619951,-0.13767891357048,4.15403455822589,-0.80471895621705,32,0.1,2.4464393447504,-3.04452243772342,10,10,50,196.777287034729,0.132323622515275,3.96237230218103,0,24,0.2,2.32192809500431,0,20,10,50,206.119279238252,3.67102154503499,2.80307332009346,5.50125821054473,24,0.2,1.46474971333721,0,20,10,40,109.911913370906,500,100,7,5
-0.739759572314428,3.62522291616959,-0.80471895621705,26,0.2,2.24643934478899,0,20,2,50,244.414164456158,-0.136970068360026,4.25719163830807,-0.80471895621705,29,0.1,2.4464393447504,-3.04452243772342,10,10,50,200.510636113245,0.132323622515275,4.07119226601829,0,24,0.2,2.32192809500431,0,20,10,50,209.923512837814,3.94520802462905,2.61435570390093,6.00388706710654,18,0.2,1.37095059465561,0,20,10,40,104.23082090866,550,100,7,5
-0.734958839623917,3.60216361024755,-0.80471895621705,26,0.2,2.24643934478899,0,20,2,50,242.973944649004,-0.137112595859373,4.22938542963206,-0.80471895621705,29,0.1,2.72192809492715,-3.04452243772342,10,10,50,199.536236825208,0.132323622515275,4.04193470674498,0,24,0.2,2.32192809500431,0,20,10,50,208.934860799843,3.91587353662145,2.59088204557316,5.95324333428778,18,0.2,1.37095059465561,0,20,10,40,103.182395004095,600,100,7,5
-0.729915759495291,3.57798170023165,-0.80471895621705,26,0.2,2.24643934478899,0,20,2,50,241.461020610417,-0.137270129397995,4.20019143203009,-0.80471895621705,29,0.1,2.72192809492715,-3.04452243772342,10,10,50,198.511867445621,0.132323622515275,4.01118708014072,0,24,0.2,2.32192809500431,0,20,10,50,207.894738066393,3.8850287221643,2.5662109235361,5.89989735358249,18,0.2,1.37095059465561,0,20,10,40,102.080051160078,650,100,7,5
-0.724604532917718,3.55256091856998,-0.80471895621705,26,0.2,2.24643934478899,0,20,2,50,239.867652637145,-0.137445173305895,4.16946212293126,-0.80471895621705,29,0.1,2.72192809492715,-3.04452243772342,10,10,50,197.432117739316,0.132323622515275,3.97878828756936,0,24,0.2,2.32192809500431,0,20,10,50,206.797483969299,3.85250932437156,2.54021327821622,5.84354441703136,18,0.2,1.37095059465561,0,20,10,40,100.917929072251,700,100,7,5
-0.71899500396638,3.52576582941818,-0.80471895621705,26,0.2,2.24643934478899,0,20,2,50,238.184793951744,-0.137640822727522,4.13702497890514,-0.80471895621705,29,0.1,2.72192809492715,-3.04452243772342,10,10,50,196.290647006886,0.132323622515275,3.94454949684611,0,24,0.2,2.32192809500431,0,20,10,50,205.636448294706,3.81812269303468,2.51273796459497,5.78382518232974,18,0.2,1.37095059465561,0,20,10,40,99.6891554944338,750,100,7,5
-0.713051618705822,3.49743735022045,-0.80471895621705,26,0.2,2.24643934478899,0,20,2,50,236.401778373576,-0.137860949029025,4.102676460314,-0.80471895621705,29,0.1,2.72192809492715,-3.04452243772342,10,10,50,195.079957324624,0.132323622515275,3.9082473673967,0,24,0.2,2.32192809500431,0,20,10,50,204.403745982293,3.7816408248232,2.48360640240467,5.72031177660741,18,0.2,1.37095059465561,0,20,10,40,98.3855958086836,800,100,7,5
-0.706732052824576,3.4673868791206,-0.80471895621705,26,0.2,2.24643934478899,0,20,2,50,234.505908609202,-0.138110459819415,4.06617406337957,-0.80471895621705,29,0.1,2.72192809492715,-3.04452243772342,10,10,50,193.791093069336,0.132323622515275,3.8696150659538,0,24,0.2,2.32192809500431,0,20,10,50,203.089930647966,3.74279112599218,2.45260550059119,5.65248918026865,18,0.2,1.37095059465561,0,20,10,40,96.9975241971286,850,100,7,5
-0.699985372662592,3.43538847093311,-0.80471895621705,26,0.2,2.24643934478899,0,20,2,50,232.481904560607,-0.138395671203491,4.02722564047745,-0.80471895621705,29,0.1,2.52192809496573,-3.04452243772342,10,10,50,192.413235898531,0.132323622515275,3.82833014527494,0,24,0.2,2.32192809500431,0,20,10,50,201.683552338754,3.70124393784615,2.41947814150493,5.57972982598622,18,0.2,1.37095059465561,0,20,10,40,95.5131780408652,900,100,7,5
-0.480629069533808,6.76781807341047,0,29,0.18,2.53315106448298,0,18,8,50,326.381017151995,-0.265536607569557,6.34417830393875,0,32,0.08,2.4013797895297,3.04452243772342,10,8,50,256.32019667513,-0.205876919058066,5.64171695417832,0,33,0.17,2.4232245043084,2.56494935746154,18,8,50,241.002668806342,3.14787544009006,5.21056215507285,5.51745289646471,25,0.18,1.45108147750483,0,18,8,50,141.167623197708,950,100,7,5
0.921134460991761,11.6652212039221,0,48,0.15,2.7722927669478,0,15,13,15,224.887626587157,-0.532728373812377,10.9292694859776,-1.6094379124341,49,0.09,2.41443695952898,0,9,26,15,219.019147895094,-1.84359410341319,7.54963237871026,-1.6094379124341,37,0.16,2.46443914452417,0,16,5,39,162.124675893335,0.0074841982226378,7.9946441845781,1.6094379124341,39,0.2,2.02795725633349,0,20,2,1,272.437035094229,0,100,7,6
-0.739759572314428,3.62522291616959,-0.80471895621705,26,0.2,2.24643934478899,0,20,2,50,244.414164456158,-0.136970068360026,4.25719163830807,-0.80471895621705,29,0.1,2.4464393447504,-3.04452243772342,10,10,50,200.510636113245,0.132323622515275,4.07119226601829,0,24,0.2,2.32192809500431,0,20,10,50,209.923512837814,3.94520802462905,2.61435570390093,6.00388706710654,18,0.2,1.37095059465561,0,20,10,40,104.23082090866,50,100,7,6
-0.734958839623917,3.60216361024755,-0.80471895621705,26,0.2,2.24643934478899,0,20,2,50,242.973944649004,-0.137112595859373,4.22938542963206,-0.80471895621705,29,0.1,2.72192809492715,-3.04452243772342,10,10,50,199.536236825208,0.132323622515275,4.04193470674498,0,24,0.2,2.32192809500431,0,20,10,50,208.934860799843,3.91587353662145,2.59088204557316,5.95324333428778,18,0.2,1.37095059465561,0,20,10,40,103.182395004095,100,100,7,6
-0.729915759495291,3.57798170023165,-0.80471895621705,26,0.2,2.24643934478899,0,20,2,50,241.461020610417,-0.137270129397995,4.20019143203009,-0.80471895621705,29,0.1,2.72192809492715,-3.04452243772342,10,10,50,198.511867445621,0.132323622515275,4.01118708014072,0,24,0.2,2.32192809500431,0,20,10,50,207.894738066393,3.8850287221643,2.5662109235361,5.89989735358249,18,0.2,1.37095059465561,0,20,10,40,102.080051160078,150,100,7,6
-0.724604532917718,3.55256091856998,-0.80471895621705,26,0.2,2.24643934478899,0,20,2,50,239.867652637145,-0.137445173305895,4.16946212293126,-0.80471895621705,29,0.1,2.72192809492715,-3.04452243772342,10,10,50,197.432117739316,0.132323622515275,3.97878828756936,0,24,0.2,2.32192809500431,0,20,10,50,206.797483969299,3.85250932437156,2.54021327821622,5.84354441703136,18,0.2,1.37095059465561,0,20,10,40,100.917929072251,200,100,7,6
-0.71899500396638,3.52576582941818,-0.80471895621705,26,0.2,2.24643934478899,0,20,2,50,238.184793951744,-0.137640822727522,4.13702497890514,-0.80471895621705,29,0.1,2.72192809492715,-3.04452243772342,10,10,50,196.290647006886,0.132323622515275,3.94454949684611,0,24,0.2,2.32192809500431,0,20,10,50,205.636448294706,3.81812269303468,2.51273796459497,5.78382518232974,18,0.2,1.37095059465561,0,20,10,40,99.6891554944338,250,100,7,6
-0.713051618705822,3.49743735022045,-0.80471895621705,26,0.2,2.24643934478899,0,20,2,50,236.401778373576,-0.137860949029025,4.102676460314,-0.80471895621705,29,0.1,2.72192809492715,-3.04452243772342,10,10,50,195.079957324624,0.132323622515275,3.9082473673967,0,24,0.2,2.32192809500431,0,20,10,50,204.403745982293,3.7816408248232,2.48360640240467,5.72031177660741,18,0.2,1.37095059465561,0,20,10,40,98.3855958086836,300,100,7,6
-0.706732052824576,3.4673868791206,-0.80471895621705,26,0.2,2.24643934478899,0,20,2,50,234.505908609202,-0.138110459819415,4.06617406337957,-0.80471895621705,29,0.1,2.72192809492715,-3.04452243772342,10,10,50,193.791093069336,0.132323622515275,3.8696150659538,0,24,0.2,2.32192809500431,0,20,10,50,203.089930647966,3.74279112599218,2.45260550059119,5.65248918026865,18,0.2,1.37095059465561,0,20,10,40,96.9975241971286,350,100,7,6
-0.699985372662592,3.43538847093311,-0.80471895621705,26,0.2,2.24643934478899,0,20,2,50,232.481904560607,-0.138395671203491,4.02722564047745,-0.80471895621705,29,0.1,2.52192809496573,-3.04452243772342,10,10,50,192.413235898531,0.132323622515275,3.82833014527494,0,24,0.2,2.32192809500431,0,20,10,50,201.683552338754,3.70124393784615,2.41947814150493,5.57972982598622,18,0.2,1.37095059465561,0,20,10,40,95.5131780408652,400,100,7,6
-0.692749524923671,3.40116822507112,-0.80471895621705,26,0.2,2.4464393447504,0,20,2,50,230.311150238931,-0.138724853290134,3.98547477383151,-0.80471895621705,29,0.1,2.52192809496573,-3.04452243772342,10,10,50,190.933148142083,0.132323622515275,3.78399786858735,0,24,0.2,2.32192809500431,0,20,10,50,200.170546373641,3.65659535600723,2.38391013939218,5.50125821054473,18,0.2,1.37095059465561,0,20,10,40,93.9181438757019,450,100,7,6
-0.68494783704081,3.36438959656008,-0.80471895621705,26,0.2,2.4464393447504,0,20,2,50,227.970643874073,-0.139109051193357,3.94048030423895,-0.80471895621705,29,0.1,2.52192809496573,-3.04452243772342,10,10,50,189.334390775188,0.132323622515275,3.73612775205538,0,24,0.2,2.32192809500431,0,20,10,50,198.533369216424,3.60834302994969,2.34551197921926,5.41610040220442,18,0.2,1.37095059465561,0,20,10,40,92.1944918350346,500,100,7,6
-0.68413090511399,3.36235529898776,-0.80471895621705,26,0.2,2.24643934478899,0,20,2,50,227.725564296026,-0.139242950970491,3.93757145767583,-0.80471895621705,30,0.1,2.4464393447504,-3.04452243772342,10,10,50,189.157614412111,0.132323622515275,3.73292439020132,0,24,0.2,2.32192809500431,0,20,10,50,198.343202875634,3.43046560986435,2.62922392549956,5.32300997913841,20,0.2,1.46474971333721,0,20,10,40,101.629214962534,550,100,7,6
-0.714734617687477,3.5103793023455,-0.80471895621705,26,0.2,2.24643934478899,0,20,2,50,236.906678068073,-0.138035843974443,4.1173431151745,-0.80471895621705,32,0.1,2.4464393447504,-3.04452243772342,10,10,50,195.399067626413,0.132323622515275,3.92349741256226,0,24,0.2,2.32192809500431,0,20,10,50,204.705366789541,3.61860087807975,2.78378096398387,5.32300997913841,24,0.2,1.46474971333721,0,20,10,40,108.352627757648,600,100,7,6
-0.739759572314428,3.62522291616959,-0.80471895621705,26,0.2,2.24643934478899,0,20,2,50,244.414164456158,-0.136970068360026,4.25719163830807,-0.80471895621705,29,0.1,2.4464393447504,-3.04452243772342,10,10,50,200.510636113245,0.132323622515275,4.07119226601829,0,24,0.2,2.32192809500431,0,20,10,50,209.923512837814,3.94520802462905,2.61435570390093,6.00388706710654,18,0.2,1.37095059465561,0,20,10,40,104.23082090866,650,100,7,6
-0.734958839623917,3.60216361024755,-0.80471895621705,26,0.2,2.24643934478899,0,20,2,50,242.973944649004,-0.137112595859373,4.22938542963206,-0.80471895621705,29,0.1,2.72192809492715,-3.04452243772342,10,10,50,199.536236825208,0.132323622515275,4.04193470674498,0,24,0.2,2.32192809500431,0,20,10,50,208.934860799843,3.91587353662145,2.59088204557316,5.95324333428778,18,0.2,1.37095059465561,0,20,10,40,103.182395004095,700,100,7,6
-0.729915759495291,3.57798170023165,-0.80471895621705,26,0.2,2.24643934478899,0,20,2,50,241.461020610417,-0.137270129397995,4.20019143203009,-0.80471895621705,29,0.1,2.72192809492715,-3.04452243772342,10,10,50,198.511867445621,0.132323622515275,4.01118708014072,0,24,0.2,2.32192809500431,0,20,10,50,207.894738066393,3.8850287221643,2.5662109235361,5.89989735358249,18,0.2,1.37095059465561,0,20,10,40,102.080051160078,750,100,7,6
-0.724604532917718,3.55256091856998,-0.80471895621705,26,0.2,2.24643934478899,0,20,2,50,239.867652637145,-0.137445173305895,4.16946212293126,-0.80471895621705,29,0.1,2.72192809492715,-3.04452243772342,10,10,50,197.432117739316,0.132323622515275,3.97878828756936,0,24,0.2,2.32192809500431,0,20,10,50,206.797483969299,3.85250932437156,2.54021327821622,5.84354441703136,18,0.2,1.37095059465561,0,20,10,40,100.917929072251,800,100,7,6
-0.71899500396638,3.52576582941818,-0.80471895621705,26,0.2,2.24643934478899,0,20,2,50,238.184793951744,-0.137640822727522,4.13702497890514,-0.80471895621705,29,0.1,2.72192809492715,-3.04452243772342,10,10,50,196.290647006886,0.132323622515275,3.94454949684611,0,24,0.2,2.32192809500431,0,20,10,50,205.636448294706,3.81812269303468,2.51273796459497,5.78382518232974,18,0.2,1.37095059465561,0,20,10,40,99.6891554944338,850,100,7,6
-0.713051618705822,3.49743735022045,-0.80471895621705,26,0.2,2.24643934478899,0,20,2,50,236.401778373576,-0.137860949029025,4.102676460314,-0.80471895621705,29,0.1,2.72192809492715,-3.04452243772342,10,10,50,195.079957324624,0.132323622515275,3.9082473673967,0,24,0.2,2.32192809500431,0,20,10,50,204.403745982293,3.7816408248232,2.48360640240467,5.72031177660741,18,0.2,1.37095059465561,0,20,10,40,98.3855958086836,900,100,7,6
-0.493121859517875,6.71704798871626,0,29,0.18,2.53315106448298,0,18,8,50,328.088182244046,-0.265008920455622,6.30333058276396,0,33,0.08,2.47974423180053,3.04452243772342,10,8,50,256.830851480006,-0.195673559541049,5.64541542535729,0,33,0.17,2.4797442316064,2.56494935746154,18,8,50,242.589802398861,3.24876306839271,5.19305598458217,5.66642668811243,25,0.18,1.45108147750483,0,18,8,50,143.172831761726,950,100,7,6
0.961404116726849,11.8157201886502,0,48,0.15,2.7722927669478,0,15,13,15,228.749671155912,-0.532798847061286,10.9940335543208,-1.6094379124341,49,0.09,2.42416973266648,0,9,26,15,219.807275169606,-1.8568059022529,7.593433765188,-1.6094379124341,37,0.16,2.46443914452417,0,16,5,39,163.254278698719,-0.005727600615192,8.03906307220273,1.6094379124341,39,0.2,2.02795725633349,0,20,2,1,273.747314555707,0,100,7,7
-0.739759572314428,3.62522291616959,-0.80471895621705,26,0.2,2.24643934478899,0,20,2,50,244.414164456158,-0.136970068360026,4.25719163830807,-0.80471895621705,29,0.1,2.4464393447504,-3.04452243772342,10,10,50,200.510636113245,0.132323622515275,4.07119226601829,0,24,0.2,2.32192809500431,0,20,10,50,209.923512837814,3.94520802462905,2.61435570390093,6.00388706710654,18,0.2,1.37095059465561,0,20,10,40,104.23082090866,50,100,7,7
-0.734958839623917,3.60216361024755,-0.80471895621705,26,0.2,2.24643934478899,0,20,2,50,242.973944649004,-0.137112595859373,4.22938542963206,-0.80471895621705,29,0.1,2.72192809492715,-3.04452243772342,10,10,50,199.536236825208,0.132323622515275,4.04193470674498,0,24,0.2,2.32192809500431,0,20,10,50,208.934860799843,3.91587353662145,2.59088204557316,5.95324333428778,18,0.2,1.37095059465561,0,20,10,40,103.182395004095,100,100,7,7
-0.729915759495291,3.57798170023165,-0.80471895621705,26,0.2,2.24643934478899,0,20,2,50,241.461020610417,-0.137270129397995,4.20019143203009,-0.80471895621705,29,0.1,2.72192809492715,-3.04452243772342,10,10,50,198.511867445621,0.132323622515275,4.01118708014072,0,24,0.2,2.32192809500431,0,20,10,50,207.894738066393,3.8850287221643,2.5662109235361,5.89989735358249,18,0.2,1.37095059465561,0,20,10,40,102.080051160078,150,100,7,7
-0.724604532917718,3.55256091856998,-0.80471895621705,26,0.2,2.24643934478899,0,20,2,50,239.867652637145,-0.137445173305895,4.16946212293126,-0.80471895621705,29,0.1,2.72192809492715,-3.04452243772342,10,10,50,197.432117739316,0.132323622515275,3.97878828756936,0,24,0.2,2.32192809500431,0,20,10,50,206.797483969299,3.85250932437156,2.54021327821622,5.84354441703136,18,0.2,1.37095059465561,0,20,10,40,100.917929072251,200,100,7,7
-0.71899500396638,3.52576582941818,-0.80471895621705,26,0.2,2.24643934478899,0,20,2,50,238.184793951744,-0.137640822727522,4.13702497890514,-0.80471895621705,29,0.1,2.72192809492715,-3.04452243772342,10,10,50,196.290647006886,0.132323622515275,3.94454949684611,0,24,0.2,2.32192809500431,0,20,10,50,205.636448294706,3.81812269303468,2.51273796459497,5.78382518232974,18,0.2,1.37095059465561,0,20,10,40,99.6891554944338,250,100,7,7
-0.713051618705822,3.49743735022045,-0.80471895621705,26,0.2,2.24643934478899,0,20,2,50,236.401778373576,-0.137860949029025,4.102676460314,-0.80471895621705,29,0.1,2.72192809492715,-3.04452243772342,10,10,50,195.079957324624,0.132323622515275,3.9082473673967,0,24,0.2,2.32192809500431,0,20,10,50,204.403745982293,3.7816408248232,2.48360640240467,5.72031177660741,18,0.2,1.37095059465561,0,20,10,40,98.3855958086836,300,100,7,7
-0.706732052824576,3.4673868791206,-0.80471895621705,26,0.2,2.24643934478899,0,20,2,50,234.505908609202,-0.138110459819415,4.06617406337957,-0.80471895621705,29,0.1,2.72192809492715,-3.04452243772342,10,10,50,193.791093069336,0.132323622515275,3.8696150659538,0,24,0.2,2.32192809500431,0,20,10,50,203.089930647966,3.74279112599218,2.45260550059119,5.65248918026865,18,0.2,1.37095059465561,0,20,10,40,96.9975241971286,350,100,7,7
-0.699985372662592,3.43538847093311,-0.80471895621705,26,0.2,2.24643934478899,0,20,2,50,232.481904560607,-0.138395671203491,4.02722564047745,-0.80471895621705,29,0.1,2.52192809496573,-3.04452243772342,10,10,50,192.413235898531,0.132323622515275,3.82833014527494,0,24,0.2,2.32192809500431,0,20,10,50,201.683552338754,3.70124393784615,2.41947814150493,5.57972982598622,18,0.2,1.37095059465561,0,20,10,40,95.5131780408652,400,100,7,7
-0.692749524923671,3.40116822507112,-0.80471895621705,26,0.2,2.4464393447504,0,20,2,50,230.311150238931,-0.138724853290134,3.98547477383151,-0.80471895621705,29,0.1,2.52192809496573,-3.04452243772342,10,10,50,190.933148142083,0.132323622515275,3.78399786858735,0,24,0.2,2.32192809500431,0,20,10,50,200.170546373641,3.65659535600723,2.38391013939218,5.50125821054473,18,0.2,1.37095059465561,0,20,10,40,93.9181438757019,450,100,7,7
-0.68494783704081,3.36438959656008,-0.80471895621705,26,0.2,2.4464393447504,0,20,2,50,227.970643874073,-0.139109051193357,3.94048030423895,-0.80471895621705,29,0.1,2.52192809496573,-3.04452243772342,10,10,50,189.334390775188,0.132323622515275,3.73612775205538,0,24,0.2,2.32192809500431,0,20,10,50,198.533369216424,3.60834302994969,2.34551197921926,5.41610040220442,18,0.2,1.37095059465561,0,20,10,40,92.1944918350346,500,100,7,7
-0.676484018756215,3.32463258505054,-0.80471895621705,26,0.2,2.4464393447504,0,20,2,50,225.431498388694,-0.139563359276292,3.8916869528528,-0.80471895621705,29,0.1,2.52192809496573,-3.04452243772342,10,10,50,187.596196309976,0.132323622515275,3.68409970851237,0,24,0.2,2.32192809500431,0,20,10,50,196.749743942918,3.55585117723347,2.30379260952689,5.32300997913841,18,0.2,1.37095059465561,0,20,10,40,90.3195231284359,550,100,7,7
-0.667234819532311,3.28136344468914,-0.80471895621705,26,0.2,2.4464393447504,0,20,2,50,222.656738621523,-0.140108971267388,3.8383819125719,-0.80471895621705,29,0.1,2.52192809496573,-3.04452243772342,10,10,50,185.691795266085,0.132323622515275,3.62711369571856,0,24,0.2,2.32192809500431,0,20,10,50,194.790781699918,3.49829844434027,2.25812074351039,5.22035582507832,18,0.2,1.37095059465561,0,20,10,40,88.2639009427193,600,100,7,7
-0.666810121494522,3.28245329289984,-0.80471895621705,26,0.2,2.24643934478899,0,20,2,50,222.529329210186,-0.140310990131682,3.83894774992886,-0.80471895621705,30,0.1,2.4464393447504,-3.04452243772342,10,10,50,185.586653772098,0.132323622515275,3.62751897314823,0,24,0.2,2.32192809500431,0,20,10,50,194.665438319502,3.3107402185764,2.55363455087072,5.10594547390058,20,0.2,1.46474971333721,0,20,10,40,97.5761749921718,650,100,7,7
-0.706663033291914,3.47536573274562,-0.80471895621705,26,0.2,2.24643934478899,0,20,2,50,234.485202749404,-0.138558271144538,4.07401746245641,-0.80471895621705,32,0.1,2.4464393447504,-3.04452243772342,10,10,50,193.732508030291,0.132323622515275,3.87745254575281,0,24,0.2,2.32192809500431,0,20,10,50,202.986564476409,3.556428219685,2.75880431279989,5.10594547390058,24,0.2,1.46474971333721,0,20,10,40,106.354959564502,700,100,7,7
-0.739759572314428,3.62522291616959,-0.80471895621705,26,0.2,2.24643934478899,0,20,2,50,244.414164456158,-0.136970068360026,4.25719163830807,-0.80471895621705,29,0.1,2.4464393447504,-3.04452243772342,10,10,50,200.510636113245,0.132323622515275,4.07119226601829,0,24,0.2,2.32192809500431,0,20,10,50,209.923512837814,3.94520802462905,2.61435570390093,6.00388706710654,18,0.2,1.37095059465561,0,20,10,40,104.23082090866,750,100,7,7
-0.734958839623917,3.60216361024755,-0.80471895621705,26,0.2,2.24643934478899,0,20,2,50,242.973944649004,-0.137112595859373,4.22938542963206,-0.80471895621705,29,0.1,2.72192809492715,-3.04452243772342,10,10,50,199.536236825208,0.132323622515275,4.04193470674498,0,24,0.2,2.32192809500431,0,20,10,50,208.934860799843,3.91587353662145,2.59088204557316,5.95324333428778,18,0.2,1.37095059465561,0,20,10,40,103.182395004095,800,100,7,7
-0.729915759495291,3.57798170023165,-0.80471895621705,26,0.2,2.24643934478899,0,20,2,50,241.461020610417,-0.137270129397995,4.20019143203009,-0.80471895621705,29,0.1,2.72192809492715,-3.04452243772342,10,10,50,198.511867445621,0.132323622515275,4.01118708014072,0,24,0.2,2.32192809500431,0,20,10,50,207.894738066393,3.8850287221643,2.5662109235361,5.89989735358249,18,0.2,1.37095059465561,0,20,10,40,102.080051160078,850,100,7,7
-0.724604532917718,3.55256091856998,-0.80471895621705,26,0.2,2.24643934478899,0,20,2,50,239.867652637145,-0.137445173305895,4.16946212293126,-0.80471895621705,29,0.1,2.72192809492715,-3.04452243772342,10,10,50,197.432117739316,0.132323622515275,3.97878828756936,0,24,0.2,2.32192809500431,0,20,10,50,206.797483969299,3.85250932437156,2.54021327821622,5.84354441703136,18,0.2,1.37095059465561,0,20,10,40,100.917929072251,900,100,7,7
-0.504088500033567,6.85127143545805,0,29,0.18,2.53315106448298,0,18,8,50,334.062818113703,-0.264521342169677,6.45815662945101,0,33,0.08,2.45789951678848,3.04452243772342,10,8,50,261.757581126876,-0.209096778117152,5.75455457665272,0,33,0.17,2.42651816019462,2.56494935746154,18,8,50,246.208873367831,3.31372998809603,5.30724016848868,5.79605775076537,25,0.18,1.45108147746498,0,18,8,50,147.075049787244,950,100,7,7
0.927313246298228,11.687226855237,0,48,0.15,2.7722927669478,0,15,13,15,225.471806219972,-0.532794804940829,10.9378429137544,-1.6094379124341,49,0.09,2.42416973266648,0,9,26,15,219.108078436066,-1.84545440513208,7.55552447671967,-1.6094379124341,37,0.16,2.46443914452417,0,16,5,39,162.290878446162,0.0056238965042333,8.00063896391507,1.6094379124341,39,0.2,2.02795725633349,0,20,2,1,272.627149809987,0,100,7,8
-0.739759572314428,3.62522291616959,-0.80471895621705,26,0.2,2.24643934478899,0,20,2,50,244.414164456158,-0.136970068360026,4.25719163830807,-0.80471895621705,29,0.1,2.4464393447504,-3.04452243772342,10,10,50,200.510636113245,0.132323622515275,4.07119226601829,0,24,0.2,2.32192809500431,0,20,10,50,209.923512837814,3.94520802462905,2.61435570390093,6.00388706710654,18,0.2,1.37095059465561,0,20,10,40,104.23082090866,50,100,7,8
-0.734958839623917,3.60216361024755,-0.80471895621705,26,0.2,2.24643934478899,0,20,2,50,242.973944649004,-0.137112595859373,4.22938542963206,-0.80471895621705,29,0.1,2.72192809492715,-3.04452243772342,10,10,50,199.536236825208,0.132323622515275,4.04193470674498,0,24,0.2,2.32192809500431,0,20,10,50,208.934860799843,3.91587353662145,2.59088204557316,5.95324333428778,18,0.2,1.37095059465561,0,20,10,40,103.182395004095,100,100,7,8
-0.729915759495291,3.57798170023165,-0.80471895621705,26,0.2,2.24643934478899,0,20,2,50,241.461020610417,-0.137270129397995,4.20019143203009,-0.80471895621705,29,0.1,2.72192809492715,-3.04452243772342,10,10,50,198.511867445621,0.132323622515275,4.01118708014072,0,24,0.2,2.32192809500431,0,20,10,50,207.894738066393,3.8850287221643,2.5662109235361,5.89989735358249,18,0.2,1.37095059465561,0,20,10,40,102.080051160078,150,100,7,8
-0.724604532917718,3.55256091856998,-0.80471895621705,26,0.2,2.24643934478899,0,20,2,50,239.867652637145,-0.137445173305895,4.16946212293126,-0.80471895621705,29,0.1,2.72192809492715,-3.04452243772342,10,10,50,197.432117739316,0.132323622515275,3.97878828756936,0,24,0.2,2.32192809500431,0,20,10,50,206.797483969299,3.85250932437156,2.54021327821622,5.84354441703136,18,0.2,1.37095059465561,0,20,10,40,100.917929072251,200,100,7,8
-0.71899500396638,3.52576582941818,-0.80471895621705,26,0.2,2.24643934478899,0,20,2,50,238.184793951744,-0.137640822727522,4.13702497890514,-0.80471895621705,29,0.1,2.72192809492715,-3.04452243772342,10,10,50,196.290647006886,0.132323622515275,3.94454949684611,0,24,0.2,2.32192809500431,0,20,10,50,205.636448294706,3.81812269303468,2.51273796459497,5.78382518232974,18,0.2,1.37095059465561,0,20,10,40,99.6891554944338,250,100,7,8
-0.713051618705822,3.49743735022045,-0.80471895621705,26,0.2,2.24643934478899,0,20,2,50,236.401778373576,-0.137860949029025,4.102676460314,-0.80471895621705,29,0.1,2.72192809492715,-3.04452243772342,10,10,50,195.079957324624,0.132323622515275,3.9082473673967,0,24,0.2,2.32192809500431,0,20,10,50,204.403745982293,3.7816408248232,2.48360640240467,5.72031177660741,18,0.2,1.37095059465561,0,20,10,40,98.3855958086836,300,100,7,8
-0.706732052824576,3.4673868791206,-0.80471895621705,26,0.2,2.24643934478899,0,20,2,50,234.505908609202,-0.138110459819415,4.06617406337957,-0.80471895621705,29,0.1,2.72192809492715,-3.04452243772342,10,10,50,193.791093069336,0.132323622515275,3.8696150659538,0,24,0.2,2.32192809500431,0,20,10,50,203.089930647966,3.74279112599218,2.45260550059119,5.65248918026865,18,0.2,1.37095059465561,0,20,10,40,96.9975241971286,350,100,7,8
-0.699985372662592,3.43538847093311,-0.80471895621705,26,0.2,2.24643934478899,0,20,2,50,232.481904560607,-0.138395671203491,4.02722564047745,-0.80471895621705,29,0.1,2.52192809496573,-3.04452243772342,10,10,50,192.413235898531,0.132323622515275,3.82833014527494,0,24,0.2,2.32192809500431,0,20,10,50,201.683552338754,3.70124393784615,2.41947814150493,5.57972982598622,18,0.2,1.37095059465561,0,20,10,40,95.5131780408652,400,100,7,8
-0.692749524923671,3.40116822507112,-0.80471895621705,26,0.2,2.4464393447504,0,20,2,50,230.311150238931,-0.138724853290134,3.98547477383151,-0.80471895621705,29,0.1,2.52192809496573,-3.04452243772342,10,10,50,190.933148142083,0.132323622515275,3.78399786858735,0,24,0.2,2.32192809500431,0,20,10,50,200.170546373641,3.65659535600723,2.38391013939218,5.50125821054473,18,0.2,1.37095059465561,0,20,10,40,93.9181438757019,450,100,7,8
-0.68494783704081,3.36438959656008,-0.80471895621705,26,0.2,2.4464393447504,0,20,2,50,227.970643874073,-0.139109051193357,3.94048030423895,-0.80471895621705,29,0.1,2.52192809496573,-3.04452243772342,10,10,50,189.334390775188,0.132323622515275,3.73612775205538,0,24,0.2,2.32192809500431,0,20,10,50,198.533369216424,3.60834302994969,2.34551197921926,5.41610040220442,18,0.2,1.37095059465561,0,20,10,40,92.1944918350346,500,100,7,8
-0.676484018756215,3.32463258505054,-0.80471895621705,26,0.2,2.4464393447504,0,20,2,50,225.431498388694,-0.139563359276292,3.8916869528528,-0.80471895621705,29,0.1,2.52192809496573,-3.04452243772342,10,10,50,187.596196309976,0.132323622515275,3.68409970851237,0,24,0.2,2.32192809500431,0,20,10,50,196.749743942918,3.55585117723347,2.30379260952689,5.32300997913841,18,0.2,1.37095059465561,0,20,10,40,90.3195231284359,550,100,7,8
-0.667234819532311,3.28136344468914,-0.80471895621705,26,0.2,2.4464393447504,0,20,2,50,222.656738621523,-0.140108971267388,3.8383819125719,-0.80471895621705,29,0.1,2.52192809496573,-3.04452243772342,10,10,50,185.691795266085,0.132323622515275,3.62711369571856,0,24,0.2,2.32192809500431,0,20,10,50,194.790781699918,3.49829844434027,2.25812074351039,5.22035582507832,18,0.2,1.37095059465561,0,20,10,40,88.2639009427193,600,100,7,8
-0.65703887976633,3.23388918129406,-0.80471895621705,26,0.2,2.4464393447504,0,20,2,50,219.597956691729,-0.140776622300963,3.7796284586725,-0.80471895621705,29,0.1,2.52192809496573,-3.04452243772342,10,10,50,183.585842209532,0.132323622515275,3.5641121278716,0,24,0.2,2.32192809500431,0,20,10,50,192.618063540007,3.43459734692153,2.20766577065043,5.10594547390058,18,0.2,1.37095059465561,0,20,10,40,85.9887572079425,650,100,7,8
-0.645679120283043,3.1812865754731,-0.80471895621705,26,0.2,2.4464393447504,0,20,2,50,216.190028846742,-0.141612672886853,3.71416011793991,-0.80471895621705,29,0.1,2.52192809496573,-3.04452243772342,10,10,50,181.230285254285,0.132323622515275,3.49365510116878,0,24,0.2,2.32192809500431,0,20,10,50,190.178901526172,3.36326424195115,2.15130387891322,4.97673374242057,18,0.2,1.37095059465561,0,20,10,40,83.4410105505281,700,100,7,8
-0.645325657045563,3.18481847736418,-0.80471895621705,26,0.2,2.24643934478899,0,20,2,50,216.083989875499,-0.141985079080135,3.71707923966966,-0.80471895621705,30,0.1,2.4464393447504,-3.04452243772342,10,10,50,181.122351987461,0.132323622515275,3.49641246010314,0,24,0.2,2.32192809500431,0,20,10,50,190.03372764002,3.16170969208876,2.45674607818806,4.8283137373023,20,0.2,1.6365878876089,0,20,10,40,92.3924984645546,750,100,7,8
-0.696538328326243,3.43292966431035,-0.80471895621705,26,0.2,2.24643934478899,0,20,2,50,231.447791259702,-0.139396309507101,4.02086881109084,-0.80471895621705,32,0.1,2.4464393447504,-3.04452243772342,10,10,50,191.6237632009,0.132323622515275,3.82072162415661,0,24,0.2,2.32192809500431,0,20,10,50,200.794015810762,3.47873079816775,2.72730023231445,4.8283137373023,24,0.2,1.46474971333721,0,20,10,40,103.717772434615,800,100,7,8
-0.739759572314428,3.62522291616959,-0.80471895621705,26,0.2,2.24643934478899,0,20,2,50,244.414164456158,-0.136970068360026,4.25719163830807,-0.80471895621705,29,0.1,2.4464393447504,-3.04452243772342,10,10,50,200.510636113245,0.132323622515275,4.07119226601829,0,24,0.2,2.32192809500431,0,20,10,50,209.923512837814,3.94520802462905,2.61435570390093,6.00388706710654,18,0.2,1.37095059465561,0,20,10,40,104.23082090866,850,100,7,8
-0.734958839623917,3.60216361024755,-0.80471895621705,26,0.2,2.24643934478899,0,20,2,50,242.973944649004,-0.137112595859373,4.22938542963206,-0.80471895621705,29,0.1,2.72192809492715,-3.04452243772342,10,10,50,199.536236825208,0.132323622515275,4.04193470674498,0,24,0.2,2.32192809500431,0,20,10,50,208.934860799843,3.91587353662145,2.59088204557316,5.95324333428778,18,0.2,1.37095059465561,0,20,10,40,103.182395004095,900,100,7,8
-0.513861866629417,6.7854458304894,0,29,0.18,2.53315106448298,0,18,8,50,334.722103397753,-0.264195642103553,6.39884108549738,0,33,0.08,2.71541502907203,3.04452243772342,10,8,50,261.472099757814,-0.197733154642621,5.74258512131996,0,33,0.17,2.42651816019462,2.56494935746154,18,8,50,247.09313277626,3.39439428467724,5.274664832198,5.91079664404053,25,0.18,1.45108147746498,0,18,8,50,148.181371268362,950,100,7,8
0.952667499682772,11.7840602449244,0,48,0.15,2.7722927669478,0,15,13,15,227.929662329667,-0.532664804836348,10.9822091417744,-1.6094379124341,49,0.09,2.41443695952898,0,9,26,15,219.704602127066,-1.85429582324534,7.58520492569977,-1.6094379124341,37,0.16,2.46443914452417,0,16,5,39,163.023731602886,-0.0032175216078681,8.0307122842159,1.6094379124341,39,0.2,2.02795725633349,0,20,2,1,273.48634377806,0,100,7,9
-0.739759572314428,3.62522291616959,-0.80471895621705,26,0.2,2.24643934478899,0,20,2,50,244.414164456158,-0.136970068360026,4.25719163830807,-0.80471895621705,29,0.1,2.4464393447504,-3.04452243772342,10,10,50,200.510636113245,0.132323622515275,4.07119226601829,0,24,0.2,2.32192809500431,0,20,10,50,209.923512837814,3.94520802462905,2.61435570390093,6.00388706710654,18,0.2,1.37095059465561,0,20,10,40,104.23082090866,50,100,7,9
-0.734958839623917,3.60216361024755,-0.80471895621705,26,0.2,2.24643934478899,0,20,2,50,242.973944649004,-0.137112595859373,4.22938542963206,-0.80471895621705,29,0.1,2.72192809492715,-3.04452243772342,10,10,50,199.536236825208,0.132323622515275,4.04193470674498,0,24,0.2,2.32192809500431,0,20,10,50,208.934860799843,3.91587353662145,2.59088204557316,5.95324333428778,18,0.2,1.37095059465561,0,20,10,40,103.182395004095,100,100,7,9
-0.729915759495291,3.57798170023165,-0.80471895621705,26,0.2,2.24643934478899,0,20,2,50,241.461020610417,-0.137270129397995,4.20019143203009,-0.80471895621705,29,0.1,2.72192809492715,-3.04452243772342,10,10,50,198.511867445621,0.132323622515275,4.01118708014072,0,24,0.2,2.32192809500431,0,20,10,50,207.894738066393,3.8850287221643,2.5662109235361,5.89989735358249,18,0.2,1.37095059465561,0,20,10,40,102.080051160078,150,100,7,9
-0.724604532917718,3.55256091856998,-0.80471895621705,26,0.2,2.24643934478899,0,20,2,50,239.867652637145,-0.137445173305895,4.16946212293126,-0.80471895621705,29,0.1,2.72192809492715,-3.04452243772342,10,10,50,197.432117739316,0.132323622515275,3.97878828756936,0,24,0.2,2.32192809500431,0,20,10,50,206.797483969299,3.85250932437156,2.54021327821622,5.84354441703136,18,0.2,1.37095059465561,0,20,10,40,100.917929072251,200,100,7,9
-0.71899500396638,3.52576582941818,-0.80471895621705,26,0.2,2.24643934478899,0,20,2,50,238.184793951744,-0.137640822727522,4.13702497890514,-0.80471895621705,29,0.1,2.72192809492715,-3.04452243772342,10,10,50,196.290647006886,0.132323622515275,3.94454949684611,0,24,0.2,2.32192809500431,0,20,10,50,205.636448294706,3.81812269303468,2.51273796459497,5.78382518232974,18,0.2,1.37095059465561,0,20,10,40,99.6891554944338,250,100,7,9
-0.713051618705822,3.49743735022045,-0.80471895621705,26,0.2,2.24643934478899,0,20,2,50,236.401778373576,-0.137860949029025,4.102676460314,-0.80471895621705,29,0.1,2.72192809492715,-3.04452243772342,10,10,50,195.079957324624,0.132323622515275,3.9082473673967,0,24,0.2,2.32192809500431,0,20,10,50,204.403745982293,3.7816408248232,2.48360640240467,5.72031177660741,18,0.2,1.37095059465561,0,20,10,40,98.3855958086836,300,100,7,9
-0.706732052824576,3.4673868791206,-0.80471895621705,26,0.2,2.24643934478899,0,20,2,50,234.505908609202,-0.138110459819415,4.06617406337957,-0.80471895621705,29,0.1,2.72192809492715,-3.04452243772342,10,10,50,193.791093069336,0.132323622515275,3.8696150659538,0,24,0.2,2.32192809500431,0,20,10,50,203.089930647966,3.74279112599218,2.45260550059119,5.65248918026865,18,0.2,1.37095059465561,0,20,10,40,96.9975241971286,350,100,7,9
-0.699985372662592,3.43538847093311,-0.80471895621705,26,0.2,2.24643934478899,0,20,2,50,232.481904560607,-0.138395671203491,4.02722564047745,-0.80471895621705,29,0.1,2.52192809496573,-3.04452243772342,10,10,50,192.413235898531,0.132323622515275,3.82833014527494,0,24,0.2,2.32192809500431,0,20,10,50,201.683552338754,3.70124393784615,2.41947814150493,5.57972982598622,18,0.2,1.37095059465561,0,20,10,40,95.5131780408652,400,100,7,9
-0.692749524923671,3.40116822507112,-0.80471895621705,26,0.2,2.4464393447504,0,20,2,50,230.311150238931,-0.138724853290134,3.98547477383151,-0.80471895621705,29,0.1,2.52192809496573,-3.04452243772342,10,10,50,190.933148142083,0.132323622515275,3.78399786858735,0,24,0.2,2.32192809500431,0,20,10,50,200.170546373641,3.65659535600723,2.38391013939218,5.50125821054473,18,0.2,1.37095059465561,0,20,10,40,93.9181438757019,450,100,7,9
-0.68494783704081,3.36438959656008,-0.80471895621705,26,0.2,2.4464393447504,0,20,2,50,227.970643874073,-0.139109051193357,3.94048030423895,-0.80471895621705,29,0.1,2.52192809496573,-3.04452243772342,10,10,50,189.334390775188,0.132323622515275,3.73612775205538,0,24,0.2,2.32192809500431,0,20,10,50,198.533369216424,3.60834302994969,2.34551197921926,5.41610040220442,18,0.2,1.37095059465561,0,20,10,40,92.1944918350346,500,100,7,9
-0.676484018756215,3.32463258505054,-0.80471895621705,26,0.2,2.4464393447504,0,20,2,50,225.431498388694,-0.139563359276292,3.8916869528528,-0.80471895621705,29,0.1,2.52192809496573,-3.04452243772342,10,10,50,187.596196309976,0.132323622515275,3.68409970851237,0,24,0.2,2.32192809500431,0,20,10,50,196.749743942918,3.55585117723347,2.30379260952689,5.32300997913841,18,0.2,1.37095059465561,0,20,10,40,90.3195231284359,550,100,7,9
-0.667234819532311,3.28136344468914,-0.80471895621705,26,0.2,2.4464393447504,0,20,2,50,222.656738621523,-0.140108971267388,3.8383819125719,-0.80471895621705,29,0.1,2.52192809496573,-3.04452243772342,10,10,50,185.691795266085,0.132323622515275,3.62711369571856,0,24,0.2,2.32192809500431,0,20,10,50,194.790781699918,3.49829844434027,2.25812074351039,5.22035582507832,18,0.2,1.37095059465561,0,20,10,40,88.2639009427193,600,100,7,9
-0.65703887976633,3.23388918129406,-0.80471895621705,26,0.2,2.4464393447504,0,20,2,50,219.597956691729,-0.140776622300963,3.7796284586725,-0.80471895621705,29,0.1,2.52192809496573,-3.04452243772342,10,10,50,183.585842209532,0.132323622515275,3.5641121278716,0,24,0.2,2.32192809500431,0,20,10,50,192.618063540007,3.43459734692153,2.20766577065043,5.10594547390058,18,0.2,1.37095059465561,0,20,10,40,85.9887572079425,650,100,7,9
-0.645679120283043,3.1812865754731,-0.80471895621705,26,0.2,2.4464393447504,0,20,2,50,216.190028846742,-0.141612672886853,3.71416011793991,-0.80471895621705,29,0.1,2.52192809496573,-3.04452243772342,10,10,50,181.230285254285,0.132323622515275,3.49365510116878,0,24,0.2,2.32192809500431,0,20,10,50,190.178901526172,3.36326424195115,2.15130387891322,4.97673374242057,18,0.2,1.37095059465561,0,20,10,40,83.4410105505281,700,100,7,9
-0.632853552211757,3.12228630341293,-0.80471895621705,26,0.2,2.72192809492715,0,20,2,50,212.342358425357,-0.142690566849308,3.64020316839484,-0.80471895621705,29,0.1,2.52192809496573,-3.04452243772342,10,10,50,178.557382243783,0.132323622515275,3.41370892260927,0,24,0.2,2.32192809500431,0,20,10,50,187.398209119424,3.28219780284502,2.08746157971858,4.8283137373023,18,0.2,1.37095059465561,0,20,10,40,80.5453589476968,750,100,7,9
-0.618123892682428,3.0550727352006,-0.80471895621705,26,0.2,2.72192809492715,0,20,2,50,207.923460566558,-0.144134219715189,3.55515924551212,-0.80471895621705,29,0.1,2.52192809496573,-3.04452243772342,10,10,50,175.467085051329,0.132323622515275,3.32126313797003,0,24,0.2,2.32192809500431,0,20,10,50,184.163546640382,3.18827468580334,2.0138390965268,4.65396035015752,18,0.2,1.37095059465561,0,20,10,40,77.189578028462,800,100,7,9
-0.617001674034302,3.05887770995582,-0.80471895621705,26,0.2,2.46301777318178,0,20,2,50,207.58679497212,-0.144993703878428,3.55691916064336,-0.80471895621705,30,0.1,2.64904938390697,-3.04452243772342,10,10,50,175.15669290538,0.132323622515275,3.32236147547366,0,24,0.2,2.71030833270922,0,20,10,50,183.767206078109,2.96243200098268,2.32599166969401,4.44265125649032,20,0.2,1.59125509357113,0,20,10,40,85.3136410913713,850,100,7,9
-0.682944004844311,3.37865328155418,-0.80471895621705,26,0.2,2.46301777318178,0,20,2,50,227.369494215123,-0.140961281439512,3.9514951939627,-0.80471895621705,32,0.1,2.63849395267821,-3.04452243772342,10,10,50,188.748401311273,0.132323622515275,3.746160592995,0,24,0.2,2.71030833270922,0,20,10,50,197.762156727894,3.37337622410335,2.68774503945536,4.44265125649032,24,0.2,2.03359665945054,0,20,10,40,99.9902160845262,900,100,7,9
-0.522676494328788,6.87503983004618,0,29,0.18,2.53315106448298,0,18,8,50,339.056775266088,-0.264058401041883,6.50262103818823,0,33,0.08,2.45789951678848,3.04452243772342,10,8,50,264.939032962494,-0.206184572436074,5.81945139122838,0,33,0.17,2.42848887066848,2.56494935746154,18,8,50,249.754648329212,3.44813099984705,5.35311225451294,6.0137151560428,25,0.18,1.45108147742512,0,18,8,50,151.030034632745,950,100,7,9
